Brand,Price,Original Price,Discount,Rating,Reviews,Product Link,Image URL
Hooper,₹750,₹ 950,(21% OFF),4.9,1062,https://www.lenskart.com/hooper-hp-e10004l-c7-eyeglasses.html,https://static5.lenskart.com/media/catalog/product/pro/1/thumbnail/628x301/9df78eab33525d08d6e5fb8d27136e95//h/i/blue-transparent-black-grey-full-rim-rectangle-kids--8-12-yrs--hooper-flexi-hooper-hp-e15084l-c3-eyeglasses_blue-transparent-black-grey-full-rim-rectangle-kids-(8-12-yrs)-hooper-flexi-hooper-hp-e15084l-c3-eyeglasses_g_5352_9_21_22_22_march23.jpg.jpg
Hooper,₹750,₹ 950,(21% OFF),4.9,484,https://www.lenskart.com/hooper-hp-e10025l-c11-eyeglasses.html,https://static5.lenskart.com/media/catalog/product/pro/1/thumbnail/628x301/9df78eab33525d08d6e5fb8d27136e95//h/i/hooper-hp-e10025l-c11-eyeglasses_csvfile-1717417087656-_dsc5675.jpg
Hooper,₹750,₹ 950,(21% OFF),4.9,860,https://www.lenskart.com/hooper-hp-e10006l-c1-eyeglasses.html,https://static5.lenskart.com/media/catalog/product/pro/1/thumbnail/628x301/9df78eab33525d08d6e5fb8d27136e95//h/i/green-transparent-blue-full-rim-rectangle-kids-(8-12-yrs)-hooper-flexi-hooper-hp-e15085l-c1-eyeglasses_g_5328_9_21_22.jpg
Hooper,₹750,₹ 950,(21% OFF),4.9,1587,https://www.lenskart.com/hooper-hp-e10004m-c3-eyeglasses.html,https://static5.lenskart.com/media/catalog/product/pro/1/thumbnail/628x301/9df78eab33525d08d6e5fb8d27136e95//h/i/pink-transparent-purple-pink-tortoise-full-rim-rectangle-kids--5-8-yrs--hooper-tr-flex-hooper-hp-e15084m-c3-eyeglasses_g_5388.jpg
Hooper,₹750,₹ 950,(21% OFF),4.9,1254,https://www.lenskart.com/hooper-hp-e15083m-c3-eyeglasses.html,https://static5.lenskart.com/media/catalog/product/pro/1/thumbnail/628x301/9df78eab33525d08d6e5fb8d27136e95//h/i/blue-transparent-pink-purple-full-rim-round-kids--5-8-yrs--hooper-flexi-hooper-hp-e15083m-c3-eyeglasses_blue-transparent-pink-purple-full-rim-round-kids-(5-8-yrs)-hooper-flexi-hooper-hp-e15083m-c3-eyeglasses_g_8787_9_21_22_22_march23.jpg.jpg
Hooper,₹750,₹ 950,(21% OFF),4.9,1369,https://www.lenskart.com/hooper-hp-e10014l-c4-eyeglasses.html,https://static5.lenskart.com/media/catalog/product/pro/1/thumbnail/628x301/9df78eab33525d08d6e5fb8d27136e95//h/i/kids-glasses:-black-blue-transparent-black-full-rim-rectangle-kids--8-12-yrs--hooper-astra-hooper-hp-e10014l-c4_hooper-hp-e10014l-c4-eyeglasses_g_0982_22_march23.jpg.jpg
Hooper,₹750,₹ 950,(21% OFF),4.9,577,https://www.lenskart.com/hooper-hp-e10016-c4-eyeglasses.html,https://static5.lenskart.com/media/catalog/product/pro/1/thumbnail/628x301/9df78eab33525d08d6e5fb8d27136e95//h/i/kids-glasses:-pink-transparent-full-rim-rectangle-kids--8-12-yrs--hooper-astra-hooper-hp-e10016l-c4_hooper-hp-e10016-c4-eyeglasses_g_1003_22_march23.jpg.jpg
Hooper,₹750,₹ 950,(21% OFF),4.9,453,https://www.lenskart.com/hooper-hp-e10031l-c10-eyeglasses.html,https://static5.lenskart.com/media/catalog/product/pro/1/thumbnail/628x301/9df78eab33525d08d6e5fb8d27136e95//h/i/hooper-hp-e10031l-c10-eyeglasses_csvfile-1693317728269-g_1143.jpg
Hooper,₹750,₹ 950,(21% OFF),4.9,2977,https://www.lenskart.com/lenskart-hustlr-hp-e15011l-c4-eyeglasses.html,https://static5.lenskart.com/media/catalog/product/pro/1/thumbnail/628x301/9df78eab33525d08d6e5fb8d27136e95//h/i/peyush-bansal-shark-tank-extra-narrow-blue-sky-full-rim-hustlr-eyeglasses_csvfile-1676615718346-g_8224_01_04_23.jpg
Hooper,₹750,₹ 950,(21% OFF),4.9,1106,https://www.lenskart.com/hooper-hp-e10003l-c6-eyeglasses.html,https://static5.lenskart.com/media/catalog/product/pro/1/thumbnail/628x301/9df78eab33525d08d6e5fb8d27136e95//h/i/pink-transparent-pink-tortoise-full-rim-round-kids--8-12-yrs--hooper-flexi-hooper-hp-e15083l-c2-eyeglasses_pink-transparent-pink-tortoise-full-rim-round-kids-(8-12-yrs)-hooper-flexi-hooper-hp-e15083l-c2-eyeglasses_g_5310_9_21_22_22_march23.jpg.jpg
Hooper,₹750,₹ 950,(21% OFF),4.9,653,https://www.lenskart.com/hooper-hp-e10108l-c7-eyeglasses.html,https://static5.lenskart.com/media/catalog/product/pro/1/thumbnail/628x301/9df78eab33525d08d6e5fb8d27136e95//h/i/kids-glasses:-blue-brown-transparent-full-rim-round-8-12-yrs-hooper-poppin-2-0-hp-e10108l-c7_g_5880_22_03_2023.jpg
Hooper,₹750,₹ 950,(21% OFF),4.9,1106,https://www.lenskart.com/hooper-hp-e10003l-c1-eyeglasses.html,https://static5.lenskart.com/media/catalog/product/pro/1/thumbnail/628x301/9df78eab33525d08d6e5fb8d27136e95//h/i/transparent-blue-grey-full-rim-round-kids-(8-12-yrs)-hooper-flexi-hooper-hp-e15083l-c1-eyeglasses_g_5358_9_21_22.jpg
Hooper,₹750,₹ 950,(21% OFF),4.9,688,https://www.lenskart.com/hooper-hp-e10003-c2-eyeglasses.html,https://static5.lenskart.com/media/catalog/product/pro/1/thumbnail/628x301/9df78eab33525d08d6e5fb8d27136e95//h/i/kids-glasses:-blue-sky-blue-full-rim-round-kids--8-12-yrs--hooper-flexi-hooper-hp-e10003-c2_hooper-hp-e10003-c2-eyeglasses_g_5789_22_march23.jpg.jpg
Hooper,₹750,₹ 950,(21% OFF),4.9,690,https://www.lenskart.com/hooper-hp-e10084-c2-eyeglasses.html,https://static5.lenskart.com/media/catalog/product/pro/1/thumbnail/628x301/9df78eab33525d08d6e5fb8d27136e95//h/i/kids-glasses:-blue-purple-full-rim-cat-eye-kids--5-8-yrs--hooper-flexi-hooper-hp-e10084-c2_hooper-hp-e10084-c2-eyeglasses_g_5476_22_march23.jpg.jpg
Hooper,₹750,₹ 950,(21% OFF),4.9,553,https://www.lenskart.com/hooper-hp-e10027l-c7-eyeglasses.html,https://static5.lenskart.com/media/catalog/product/pro/1/thumbnail/628x301/9df78eab33525d08d6e5fb8d27136e95//h/i/kids-glasses:-transparent-full-rim-rectangle-8-12-yrs-hooper-poppin-2-0-hp-e10027l-c7_g_5183_22_03_2023.jpg
Hooper,₹750,₹ 950,(21% OFF),4.9,178,https://www.lenskart.com/hooper-hp-e16999-l-c2-eyeglasses.html,https://static5.lenskart.com/media/catalog/product/pro/1/thumbnail/628x301/9df78eab33525d08d6e5fb8d27136e95//h/i/sky-blue-full-rim-wayfarer-kids-8-12-yrs-hooper-pro-fit-hp-e16999-l-c2-eyeglasses_img_3137_17_04_2024.jpg
Hooper,₹750,₹ 950,(21% OFF),4.9,899,https://www.lenskart.com/hooper-hp-e10004l-c2-eyeglasses.html,https://static5.lenskart.com/media/catalog/product/pro/1/thumbnail/628x301/9df78eab33525d08d6e5fb8d27136e95//h/i/kids-glasses:-matte-black-full-rim-rectangle-kids--8-12-yrs--hooper-flexi-hooper-hp-e10004l-c2_hooper-hp-e10004l-c2-eyeglasses_g_4296_22_march23.jpg.jpg
Hooper,₹750,₹ 950,(21% OFF),4.9,2977,https://www.lenskart.com/lenskart-hustlr-hp-e15011l-c1-eyeglasses.html,https://static5.lenskart.com/media/catalog/product/pro/1/thumbnail/628x301/9df78eab33525d08d6e5fb8d27136e95//h/i/peyush-bansal-shark-tank-extra-narrow-black-full-rim-hustlr-eyeglasses_csvfile-1679607917293-blackkidsb.jpg
Hooper,₹750,₹ 950,(21% OFF),4.9,2977,https://www.lenskart.com/lenskart-hp-e15011-c15-eye.html,https://static5.lenskart.com/media/catalog/product/pro/1/thumbnail/628x301/9df78eab33525d08d6e5fb8d27136e95//l/i/peyush-bansal-shark-tank-greystone-full-rim-lenskart-hustlr-eyeglasses_csvfile-1706859662462-img_1457_22_01_2024.jpg
Hooper,₹750,₹ 950,(21% OFF),4.9,657,https://www.lenskart.com/hooper-hp-e10004-c2-eyeglasses.html,https://static5.lenskart.com/media/catalog/product/pro/1/thumbnail/628x301/9df78eab33525d08d6e5fb8d27136e95//h/i/kids-glasses:-sky-blue-yellow-sky-blue-full-rim-rectangle-kids--5-8-yrs--hooper-flexi-hooper-hp-e10004-c2_hooper-hp-e10004-c2-eyeglasses_g_5795_22_march23.jpg.jpg
Hooper,₹750,₹ 950,(21% OFF),4.9,2977,https://www.lenskart.com/lenskart-hp-e15011-c17-eye.html,https://static5.lenskart.com/media/catalog/product/pro/1/thumbnail/628x301/9df78eab33525d08d6e5fb8d27136e95//l/i/peyush-bansal-shark-tank-navy-full-rim-lenskart-hustlr-eyeglasses_csvfile-1708330153844-216583_3.jpg
Hooper,₹750,₹ 950,(21% OFF),4.9,1369,https://www.lenskart.com/hooper-hp-e10014l-c2-eyeglasses.html,https://static5.lenskart.com/media/catalog/product/pro/1/thumbnail/628x301/9df78eab33525d08d6e5fb8d27136e95//h/i/kids-glasses:-black-green-transparent-black-full-rim-rectangle-kids--8-12-yrs--hooper-astra-hooper-hp-e10014l-c2_hooper-hp-e10014l-c2-eyeglasses_g_1058_22_march23.jpg.jpg
Hooper,₹750,₹ 950,(21% OFF),4.9,595,https://www.lenskart.com/hooper-hp-e10004-c3-eyeglasses.html,https://static5.lenskart.com/media/catalog/product/pro/1/thumbnail/628x301/9df78eab33525d08d6e5fb8d27136e95//h/i/kids-glasses:-blue-sky-blue-full-rim-rectangle-kids--5-8-yrs--hooper-flexi-hooper-hp-e10004-c3_hooper-hp-e10004-c3-eyeglasses_g_5751_22_march23.jpg.jpg
Hooper,₹750,₹ 950,(21% OFF),4.9,477,https://www.lenskart.com/hooper-hp-e10003m-c3-eyeglasses.html,https://static5.lenskart.com/media/catalog/product/pro/1/thumbnail/628x301/9df78eab33525d08d6e5fb8d27136e95//h/i/kids-glasses--blue-full-rim-round-kids--5-8-yrs--hooper-flexi-hooper-hp-e10003m-c3_hooper-hp-e10003m-c3-eyeglasses_g_4309_22_march23.jpg.jpg
Hooper,₹750,₹ 950,(21% OFF),4.9,121,https://www.lenskart.com/lenskart-lk-e-16273-c1-eyeglasses.html,https://static5.lenskart.com/media/catalog/product/pro/1/thumbnail/628x301/9df78eab33525d08d6e5fb8d27136e95//h/i/kids-glasses:-blue-red-full-rim-rectangle-kids-8-12-yrs-hooper-superhero-lk-e16273-c1_img_4243_29_11_2023.jpg
Hooper,₹750,₹ 950,(21% OFF),4.9,721,https://www.lenskart.com/hooper-hp-e10015l-c1-eyeglasses.html,https://static5.lenskart.com/media/catalog/product/pro/1/thumbnail/628x301/9df78eab33525d08d6e5fb8d27136e95//h/i/kids-glasses:-black-blue-transparent-black-full-rim-round-kids--8-12-yrs--hooper-astra-hooper-hp-e10015l-c1_hooper-hp-e10015l-c1-eyeglasses_g_1045_22_march23.jpg.jpg
Hooper,₹750,₹ 950,(21% OFF),4.9,1254,https://www.lenskart.com/hooper-hp-e10003m-c6-eyeglasses.html,https://static5.lenskart.com/media/catalog/product/pro/1/thumbnail/628x301/9df78eab33525d08d6e5fb8d27136e95//h/i/transparent-blue-full-rim-round-kids-(5-8-yrs)-hooper-flexi-hooper-hp-e15083m-c1-eyeglasses_g_5370_9_21_22.jpg
Hooper,₹750,₹ 950,(21% OFF),4.9,860,https://www.lenskart.com/hooper-hp-e10006l-c2-eyeglasses.html,https://static5.lenskart.com/media/catalog/product/pro/1/thumbnail/628x301/9df78eab33525d08d6e5fb8d27136e95//h/i/green-blue-green-full-rim-rectangle-kids-(8-12-yrs)-hooper-flexi-hooper-hp-e15085l-c2-eyeglasses_g_5298_9_21_22.jpg
Hooper,₹750,₹ 950,(21% OFF),4.9,393,https://www.lenskart.com/hooper-hp-e10083-c3-eyeglasses.html,https://static5.lenskart.com/media/catalog/product/pro/1/thumbnail/628x301/9df78eab33525d08d6e5fb8d27136e95//h/i/kids-glasses:-black-full-rim-wayfarer-kids--8-12-yrs--hooper-flexi-hooper-hp-e10082l-c3_hooper-hp-e10083-c3-eyeglasses_g_5440_22_march23.jpg.jpg
Hooper,₹750,₹ 950,(21% OFF),4.9,61,https://www.lenskart.com/lenskart-lk-e-16275-c1-eyeglasses.html,https://static5.lenskart.com/media/catalog/product/pro/1/thumbnail/628x301/9df78eab33525d08d6e5fb8d27136e95//h/i/kids-glasses:-black-yellow-full-rim-rectangle-kids-5-8-yrs-hooper-superhero-lk-e16275-c1_img_4234_image_pla_29_11_2023.jpg
Hooper,₹750,₹ 950,(21% OFF),4.9,669,https://www.lenskart.com/hooper-hp-e10015-c1-eyeglasses.html,https://static5.lenskart.com/media/catalog/product/pro/1/thumbnail/628x301/9df78eab33525d08d6e5fb8d27136e95//h/i/kids-glasses:-black-blue-transparent-black-full-rim-round-kids--5-8-yrs--hooper-astra-hooper-hp-e10015-c1_hooper-hp-e10015-c1-eyeglasses_g_1024_22_march23.jpg.jpg
Hooper,₹750,₹ 950,(21% OFF),4.9,595,https://www.lenskart.com/hooper-hp-e10004-c1-eyeglasses.html,https://static5.lenskart.com/media/catalog/product/pro/1/thumbnail/628x301/9df78eab33525d08d6e5fb8d27136e95//h/i/kids-glasses:-black-blue-full-rim-rectangle-kids--5-8-yrs--hooper-flexi-hooper-hp-e10004-c1_hooper-hp-e10004-c1-eyeglasses_g_5763_22_march23.jpg.jpg
Hooper,₹750,₹ 950,(21% OFF),4.9,1587,https://www.lenskart.com/hooper-hp-e15084m-c6-eyeglasses.html,https://static5.lenskart.com/media/catalog/product/pro/1/thumbnail/628x301/9df78eab33525d08d6e5fb8d27136e95//h/i/kids-glasses:-sky-blue-black-full-rim-rectangle-kids-5-8-yrs-hooper-tr-flex-hp-e15084m-c6-eyeglasses__dsc5623_23_08_2024.jpg
Hooper,₹750,₹ 950,(21% OFF),4.9,269,https://www.lenskart.com/hooper-hp-e10082l-c4-eye:glasses.html,https://static5.lenskart.com/media/catalog/product/pro/1/thumbnail/628x301/9df78eab33525d08d6e5fb8d27136e95//h/i/kids-glasses:-blue-blue-yellow-full-rim-wayfarer-kids-8-12-yrs-hooper-flexi-hooper-hp-e10082l-c4_g_5463_07_20_23.jpg
Hooper,₹750,₹ 950,(21% OFF),4.9,139,https://www.lenskart.com/hooper-hp-e16998-l-c2-eyeglasses.html,https://static5.lenskart.com/media/catalog/product/pro/1/thumbnail/628x301/9df78eab33525d08d6e5fb8d27136e95//h/i/grey-full-rim-rectangle-kids-8-12-yrs-hooper-pro-fit-hp-e16998-l-c2-eyeglasses_img_3084_17_04_2024.jpg
Hooper,₹750,₹ 950,(21% OFF),4.8,80,https://www.lenskart.com/lenskart-lk-e-16278-c1-eyeglasses.html,https://static5.lenskart.com/media/catalog/product/pro/1/thumbnail/628x301/9df78eab33525d08d6e5fb8d27136e95//h/i/kids-glasses:-grey-transparent-grey-black-full-rim-rectangle-kids-8-12-yrs-hooper-superhero-lk-e16278-c1_img_4270_29_11_2023.jpg
Hooper,₹750,₹ 950,(21% OFF),4.9,1106,https://www.lenskart.com/hooper-hp-e15083l-c5-eyeglasses.html,https://static5.lenskart.com/media/catalog/product/pro/1/thumbnail/628x301/9df78eab33525d08d6e5fb8d27136e95//h/i/kids-glasses:-sky-blue-pink-green-full-rim-round-kids-8-12-yrs-hooper-tr-flex-hp-e15083l-c5-eyeglasses__dsc5633_23_08_2024.jpg
Hooper,₹1400,₹ 1900,(26% OFF),4.9,136,https://www.lenskart.com/hooper-hpe000741-c 23  transparent pink-eyeglasses.html,https://static5.lenskart.com/media/catalog/product/pro/1/thumbnail/628x301/9df78eab33525d08d6e5fb8d27136e95//h/i/pink-transparent-pink-full-rim-cat-eye-kids-5-8-yrs-hooper-ip-hpe000741-eyeglasses__dsc3019_25_03_25.jpg
Hooper,₹750,₹ 950,(21% OFF),4.8,268,https://www.lenskart.com/hooper-hp-e10006-c3-eyeglasses.html,https://static5.lenskart.com/media/catalog/product/pro/1/thumbnail/628x301/9df78eab33525d08d6e5fb8d27136e95//h/i/kids-glasses:-grey-full-rim-rectangle-kids--8-12-yrs--hooper-flexi-hooper-hp-e10006-c3_hooper-hp-e10006-c3-eyeglasses_g_5757_22_march23.jpg.jpg
Hooper,₹750,₹ 950,(21% OFF),4.9,899,https://www.lenskart.com/hooper-hp-e10004l-c1-eyeglasses.html,https://static5.lenskart.com/media/catalog/product/pro/1/thumbnail/628x301/9df78eab33525d08d6e5fb8d27136e95//h/i/kids-glasses:-matte-black-full-rim-rectangle-kids--8-12-yrs--hooper-flexi-hooper-hp-e10004l-c1_hooper-hp-e10004l-c1-eyeglasses_g_4302_22_march23.jpg.jpg
Hooper,₹750,₹ 950,(21% OFF),4.9,218,https://www.lenskart.com/hooper-hp-e10003m-c9-eyeglasses.html,https://static5.lenskart.com/media/catalog/product/pro/1/thumbnail/628x301/9df78eab33525d08d6e5fb8d27136e95//h/i/kids-glasses:-black-black-grey-full-rim-wayfarer-kids-5-8-yrs-hooper-flexi-hooper-hp-e10003m-c9_g_5456_07_20_23.jpg
Hooper,₹1400,₹ 1900,(26% OFF),4.9,136,https://www.lenskart.com/hooper-hpe000741-c-17-transparent-blue-eyeglass.html,https://static5.lenskart.com/media/catalog/product/pro/1/thumbnail/628x301/9df78eab33525d08d6e5fb8d27136e95//h/i/transparent-light-blue-full-rim-cat-eye-kids-5-8-yrs-hooper-ip-hpe000741-eyeglasses__dsc3059_25_03_25.jpg
Hooper,₹750,₹ 950,(21% OFF),4.9,293,https://www.lenskart.com/hooper-hp-e10016-c3-eyeglasses.html,https://static5.lenskart.com/media/catalog/product/pro/1/thumbnail/628x301/9df78eab33525d08d6e5fb8d27136e95//h/i/kids-glasses:-pink-transparent-full-rim-rectangle-kids--5-8-yrs--hooper-astra-hooper-hp-e10016-c3_hooper-hp-e10016-c3-eyeglasses_g_1065_22_march23.jpg.jpg
Hooper,₹750,₹ 950,(21% OFF),4.9,669,https://www.lenskart.com/hooper-hp-e10015-c2-eyeglasses.html,https://static5.lenskart.com/media/catalog/product/pro/1/thumbnail/628x301/9df78eab33525d08d6e5fb8d27136e95//h/i/kids-glasses:-transparent-yellow-full-rim-round-kids--5-8-yrs--hooper-astra-hooper-hp-e10015-c2_hooper-hp-e10015-c2-eyeglasses_g_1078_22_march23.jpg.jpg
Hooper,₹750,₹ 950,(21% OFF),4.9,1587,https://www.lenskart.com/hooper-hp-e10004m-c1-eyeglasses.html,https://static5.lenskart.com/media/catalog/product/pro/1/thumbnail/628x301/9df78eab33525d08d6e5fb8d27136e95//h/i/green-transparent-blue-sky-blue-full-rim-rectangle-kids--5-8-yrs--hooper-flexi-hooper-hp-e15084m-c1-eyeglasses_green-transparent-blue-sky-blue-full-rim-rectangle-kids-(5-8-yrs)-hooper-flexi-hooper-hp-e15084m-c1-eyeglasses_g_5334_9_21_22_22_march23.jpg.jpg
Hooper,₹1400,₹ 1900,(26% OFF),4.9,37,https://www.lenskart.com/lenskart-lk-e18467-black-eyeglasses.html,https://static5.lenskart.com/media/catalog/product/pro/1/thumbnail/628x301/9df78eab33525d08d6e5fb8d27136e95//l/i/black-full-rim-square-lenskart-ip-lk-e18467-eyeglasses__dsc5354_20_06_2025.jpg
Hooper,₹1400,₹ 1900,(26% OFF),4.9,42,https://www.lenskart.com/hooper-hpe000742-c 23  transparent pink-eyeglasses.html,https://static5.lenskart.com/media/catalog/product/pro/1/thumbnail/628x301/9df78eab33525d08d6e5fb8d27136e95//h/i/pink-transparent-pink-full-rim-cat-eye-kids-8-12-yrs-hooper-ip-hpe000742-eyeglasses__dsc3035_25_03_25.jpg
Hooper,₹750,₹ 950,(21% OFF),4.9,690,https://www.lenskart.com/hooper-hp-e10084-c3-eyeglasses.html,https://static5.lenskart.com/media/catalog/product/pro/1/thumbnail/628x301/9df78eab33525d08d6e5fb8d27136e95//h/i/kids-glasses:-blue-yellow-full-rim-cat-eye-kids--5-8-yrs--hooper-flexi-hooper-hp-e10084-c3_hooper-hp-e10084-c3-eyeglasses_g_5492_22_march23.jpg.jpg
Hooper,₹750,₹ 950,(21% OFF),4.9,1062,https://www.lenskart.com/hooper-hp-e15084l-c4-eyeglasses.html,https://static5.lenskart.com/media/catalog/product/pro/1/thumbnail/628x301/9df78eab33525d08d6e5fb8d27136e95//h/i/kids-glasses:-pink-purple-full-rim-rectangle-kids-5-8-yrs-hooper-tr-flex-hp-e15084l-c4-eyeglasses__dsc5654_23_08_2024.jpg
Hooper,₹1400,₹ 1900,(26% OFF),4.9,136,https://www.lenskart.com/hooper-hpe000741-c-17-transparent-blue-eyeglasses.html,https://static5.lenskart.com/media/catalog/product/pro/1/thumbnail/628x301/9df78eab33525d08d6e5fb8d27136e95//h/i/transparent-light-blue-full-rim-cat-eye-kids-5-8-yrs-hooper-ip-hpe000741-eyeglasses__dsc3051_25_03_25.jpg
Hooper,₹750,₹ 950,(21% OFF),4.9,2977,https://www.lenskart.com/hooper-hp-e15011-crystal-ace-eyeglasses.html,https://static5.lenskart.com/media/catalog/product/pro/1/thumbnail/628x301/9df78eab33525d08d6e5fb8d27136e95//h/i/kids-glasses:-crystal-ace-full-rim-wayfarer-unisex-8-12-yrs-hooper-hustlr-hp-e15011-eyeglasses__dsc5902_20_02_2025.jpg
Hooper,₹750,₹ 950,(21% OFF),4.9,721,https://www.lenskart.com/hooper-hp-e10015l-c2-eyeglasses.html,https://static5.lenskart.com/media/catalog/product/pro/1/thumbnail/628x301/9df78eab33525d08d6e5fb8d27136e95//h/i/kids-glasses:-transparent-yellow-full-rim-round-kids--8-12-yrs--hooper-astra-hooper-hp-e10015l-c2_hooper-hp-e10015l-c2-eyeglasses_g_1085_22_march23.jpg.jpg
Hooper,₹750,₹ 950,(21% OFF),4.9,157,https://www.lenskart.com/hooper-hp-e15084l-c8-eyeglasses.html,https://static5.lenskart.com/media/catalog/product/pro/1/thumbnail/628x301/9df78eab33525d08d6e5fb8d27136e95//h/i/hooper-hp-e15084l-c8-eyeglasses_img_9342_05_jan24.jpg
Hooper,₹750,₹ 950,(21% OFF),4.9,1587,https://www.lenskart.com/hooper-hp-e10004m-c2-eyeglasses.html,https://static5.lenskart.com/media/catalog/product/pro/1/thumbnail/628x301/9df78eab33525d08d6e5fb8d27136e95//h/i/transparent-blue-grey-tortoise-full-rim-rectangle-kids--5-8-yrs--hooper-flexi-hooper-hp-e15084m-c2-eyeglasses_transparent-blue-grey-tortoise-full-rim-rectangle-kids-(5-8-yrs)-hooper-flexi-hooper-hp-e15084m-c2-eyeglasses_g_5382_9_21_22_22_march23.jpg.jpg
Hooper,₹750,₹ 950,(21% OFF),4.9,653,https://www.lenskart.com/hooper-hp-e10108l-c8-eyeglasses.html,https://static5.lenskart.com/media/catalog/product/pro/1/thumbnail/628x301/9df78eab33525d08d6e5fb8d27136e95//h/i/kids-glasses:-pink-transparent-full-rim-round-8-12-yrs-hooper-poppin-2-0-hp-e10108l-c8_g_5850_22_03_2023.jpg
Hooper,₹750,₹ 950,(21% OFF),4.9,61,https://www.lenskart.com/hooper-hp-e10014m-c6-eyeglasses.html,https://static5.lenskart.com/media/catalog/product/pro/1/thumbnail/628x301/9df78eab33525d08d6e5fb8d27136e95//h/i/kids-glasses:-black-sky-blue-black-full-rimrectangle-kids-5-8-yrs-hooper-tr-essentials-hp-e10014m-c6-eyeglasses__dsc5757_15_10_2024.jpg
Hooper,₹750,₹ 950,(21% OFF),4.8,32,https://www.lenskart.com/hooper-hp-e17239l-c2-eyeglasses.html,https://static5.lenskart.com/media/catalog/product/pro/1/thumbnail/628x301/9df78eab33525d08d6e5fb8d27136e95//h/i/hooper-hp-e17239l-c2-eyeglass_dsc0654_03_12_2024.jpg
Hooper,₹750,₹ 950,(21% OFF),4.9,1254,https://www.lenskart.com/hooper-hp-e15083m-c4-eyeglasses.html,https://static5.lenskart.com/media/catalog/product/pro/1/thumbnail/628x301/9df78eab33525d08d6e5fb8d27136e95//h/i/kids-glasses:-pink-full-rim-round-kids-5-8-yrs-hooper-tr-flex-hp-e15083m-c4-eyeglasses__dsc5613_23_08_2024.jpg
Hooper,₹750,₹ 950,(21% OFF),4.9,17,https://www.lenskart.com/lenskart-lk-e-16277-c1-eyeglasses.html,https://static5.lenskart.com/media/catalog/product/pro/1/thumbnail/628x301/9df78eab33525d08d6e5fb8d27136e95//h/i/lenskart-lk-e16277-c1-eyeglasses_img_4088_30_11_2023.jpg
Hooper,₹750,₹ 950,(21% OFF),4.9,61,https://www.lenskart.com/lenskart-lk-e-16276-c1-eyeglasses.html,https://static5.lenskart.com/media/catalog/product/pro/1/thumbnail/628x301/9df78eab33525d08d6e5fb8d27136e95//h/i/kids-glasses:-grey-transparent-multicolour-full-rim-rectangle-kids-5-8-yrs-hooper-superhero-lk-e16276-c1_csvfile-1703137805275-img_9086.jpg
Hooper,₹750,₹ 950,(21% OFF),4.9,139,https://www.lenskart.com/hooper-hp-e16998-l-c1-eyeglasses.html,https://static5.lenskart.com/media/catalog/product/pro/1/thumbnail/628x301/9df78eab33525d08d6e5fb8d27136e95//h/i/matte-black-full-rim-rectangle-kids-8-12-yrs-hooper-pro-fit-hp-e16998-l-c1-eyeglasses_img_3104_17_04_2024.jpg
Hooper,₹750,₹ 950,(21% OFF),4.9,179,https://www.lenskart.com/hooper-hp-e15084m-c4-eyeglasses.html,https://static5.lenskart.com/media/catalog/product/pro/1/thumbnail/628x301/9df78eab33525d08d6e5fb8d27136e95//h/i/hooper-hp-e15084m-c4-eyeglasses_img_9333_05_jan24.jpg
Hooper,₹750,₹ 950,(21% OFF),4.9,1062,https://www.lenskart.com/hooper-hp-e10004l-c5-eyeglasses.html,https://static5.lenskart.com/media/catalog/product/pro/1/thumbnail/628x301/9df78eab33525d08d6e5fb8d27136e95//h/i/brown-transparent-brown-pink-full-rim-rectangle-kids-(8-12-yrs)-hooper-flexi-hooper-hp-e15084l-c1-eyeglasses_g_5292_9_21_22.jpg
Hooper,₹750,₹ 950,(21% OFF),4.9,100,https://www.lenskart.com/hooper-hp-e17748-c2-eyeglasses.html,https://static5.lenskart.com/media/catalog/product/pro/1/thumbnail/628x301/9df78eab33525d08d6e5fb8d27136e95//h/i/hooper-hp-e17748-c2-eyeglasses__dsc7821_19_12_2024.jpg
Hooper,₹750,₹ 950,(21% OFF),4.8,24,https://www.lenskart.com/hooper-hp-e10004xl-black-eyeglasses.html,https://static5.lenskart.com/media/catalog/product/pro/1/thumbnail/628x301/9df78eab33525d08d6e5fb8d27136e95//h/i/black-pink-full-rim-rectangle-hooper-space-explorers-kids-teens-hp-e10004xl-eyeglasses__dsc2689_21_03_2025.jpg
Hooper,₹1400,₹ 1900,(26% OFF),4.9,57,https://www.lenskart.com/hooper-hpe000738-c1  black-eyeglasses.html,https://static5.lenskart.com/media/catalog/product/pro/1/thumbnail/628x301/9df78eab33525d08d6e5fb8d27136e95//h/i/black-red-full-rim-cat-eye-kids-8-12-yrs-hooper-ip-hpe000738-eyeglasses__dsc2984_25_03_25.jpg
Hooper,₹750,₹ 950,(21% OFF),4.9,136,https://www.lenskart.com/hooper-hp-e16997-l-c2-eyeglasses.html,https://static5.lenskart.com/media/catalog/product/pro/1/thumbnail/628x301/9df78eab33525d08d6e5fb8d27136e95//h/i/transparent-grey-full-rim-rectangle-kids-8-12-yrs-hooper-pro-fit-hp-e16997-l-c2-eyeglasses_img_3147_17_04_2024.jpg
Hooper,₹750,₹ 950,(21% OFF),4.8,191,https://www.lenskart.com/hooper-hp-e10006m-c3-eyeglasses.html,https://static5.lenskart.com/media/catalog/product/pro/1/thumbnail/628x301/9df78eab33525d08d6e5fb8d27136e95//h/i/kids-glasses:-grey-full-rim-rectangle-kids--5-8-yrs--hooper-flexi-hooper-hp-e10006m-c3_hooper-hp-e10006m-c3-eyeglasses_g_4333_22_march23.jpg.jpg
Hooper,₹750,₹ 950,(21% OFF),4.9,2977,https://www.lenskart.com/hooper-hp-e15011-graphite-ace-eyeglasses.html,https://static5.lenskart.com/media/catalog/product/pro/1/thumbnail/628x301/9df78eab33525d08d6e5fb8d27136e95//h/i/kids-glasses:-graphite-full-rim-wayfarer-unisex-8-12-yrs-hooper-hustlr-hp-e15011-eyeglasses__dsc5924_20_02_2025.jpg
Hooper,₹750,₹ 950,(21% OFF),4.9,406,https://www.lenskart.com/hooper-hp-e10031l-c8-eyeglasses.html,https://static5.lenskart.com/media/catalog/product/pro/1/thumbnail/628x301/9df78eab33525d08d6e5fb8d27136e95//h/i/kids-glasses:-transparent-blue-full-rim-square-8-12-yrs-hooper-poppin-2-0-hp-e10031l-c8_g_5864_22_03_2023.jpg
Hooper,₹750,₹ 950,(21% OFF),4.9,262,https://www.lenskart.com/hooper-hp-e15085m-c4-eyeglasses.html,https://static5.lenskart.com/media/catalog/product/pro/1/thumbnail/628x301/9df78eab33525d08d6e5fb8d27136e95//h/i/kids-glasses:-sky-blue-full-rim-rectangle-kids-5-8-yrs-hooper-tr-flex-hp-e15085m-c4-eyeglasses__dsc5603_23_08_2024.jpg
Hooper,₹1400,₹ 1900,(26% OFF),4.7,29,https://www.lenskart.com/hooper-hpe000746-c-39-shiny-rose-gold-eyeglasses.html,https://static5.lenskart.com/media/catalog/product/pro/1/thumbnail/628x301/9df78eab33525d08d6e5fb8d27136e95//h/i/rose-gold-full-rim-cat-eye-kids-teens-hooper-ip-hpe000746-eyeglasses__dsc2920_25_03_25.jpg
Hooper,₹750,₹ 950,(21% OFF),4.8,43,https://www.lenskart.com/hooper-hp-e17702-c2-eyeglasses.html,https://static5.lenskart.com/media/catalog/product/pro/1/thumbnail/628x301/9df78eab33525d08d6e5fb8d27136e95//h/i/hooper-hp-e17702-c2-eyeglasses__dsc7655_22_11_2024.jpg
Hooper,₹1400,₹ 1900,(26% OFF),4.8,36,https://www.lenskart.com/hooper-hpe000744-c-39-shiny-rose-gold-eyeglasses.html,https://static5.lenskart.com/media/catalog/product/pro/1/thumbnail/628x301/9df78eab33525d08d6e5fb8d27136e95//h/i/rose-gold-full-rim-geometric-kids-teens-hooper-ip-hpe000744-eyeglasses__dsc2908_25_03_25.jpg
Hooper,₹750,₹ 950,(21% OFF),4.9,1587,https://www.lenskart.com/hooper-hp-e15084m-c7-eyeglass.html,https://static5.lenskart.com/media/catalog/product/pro/1/thumbnail/628x301/9df78eab33525d08d6e5fb8d27136e95//h/i/kids-glasses:-matte-blue-pink-blue-full-rim-wayfarer-kids-5-8-yrs-hooper-tr-flex-hp-e15084m-c7-eyeglasses_dsc3462_01_10_2024.jpg
Hooper,₹750,₹ 950,(21% OFF),4.7,36,https://www.lenskart.com/hooper-hp-e15083l-c10-eyeglasses.html,https://static5.lenskart.com/media/catalog/product/pro/1/thumbnail/628x301/9df78eab33525d08d6e5fb8d27136e95//h/i/hooper-hp-e15083l-c10-eyeglasses_img_9274_05_jan24.jpg
Hooper,₹750,₹ 950,(21% OFF),4.7,14,https://www.lenskart.com/hooper-hp-e17239m-c1-eyeglasses.html,https://static5.lenskart.com/media/catalog/product/pro/1/thumbnail/628x301/9df78eab33525d08d6e5fb8d27136e95//h/i/hooper-hp-e17239m-c1-eyeglass_dsc0791_03_12_2024.jpg
Hooper,₹750,₹ 950,(21% OFF),4.9,81,https://www.lenskart.com/lenskart-lk-e-16272-c1-eyeglasses.html,https://static5.lenskart.com/media/catalog/product/pro/1/thumbnail/628x301/9df78eab33525d08d6e5fb8d27136e95//h/i/kids-glasses:-red-blue-full-rim-rectangle-kids-5-8-yrs-hooper-superhero-lk-e16272-c1_img_4252_29_11_2023.jpg
Hooper,₹750,₹ 950,(21% OFF),4.9,657,https://www.lenskart.com/hooper-hp-e10004m-black-eyeglasses.html,https://static5.lenskart.com/media/catalog/product/pro/1/thumbnail/628x301/9df78eab33525d08d6e5fb8d27136e95//h/i/black-orange-full-rim-rectangle-hooper-space-explorers-kids-5-8-yrs-hp-e10004m-eyeglasses__dsc2564_21_03_2025.jpg
Hooper,₹750,₹ 950,(21% OFF),4.9,22,https://www.lenskart.com/lenskart-lk-e-16256-c1-eyeglasses.html,https://static5.lenskart.com/media/catalog/product/pro/1/thumbnail/628x301/9df78eab33525d08d6e5fb8d27136e95//h/i/lenskart-lk-e16256-c1-eyeglasses_img_4030_01_12_2023.jpg
Hooper,₹750,₹ 950,(21% OFF),4.9,178,https://www.lenskart.com/hooper-hp-e16999-l-c1-eyeglasses.html,https://static5.lenskart.com/media/catalog/product/pro/1/thumbnail/628x301/9df78eab33525d08d6e5fb8d27136e95//h/i/shiny-black-full-rim-wayfarer-kids-8-12-yrs-hooper-pro-fit-hp-e16999-l-c1-eyeglasses_img_3114_17_04_2024.jpg
Hooper,₹750,₹ 950,(21% OFF),4.8,60,https://www.lenskart.com/lenskart-lk-e17904-blue-lagoon-eyeglasses.html,https://static5.lenskart.com/media/catalog/product/pro/1/thumbnail/628x301/9df78eab33525d08d6e5fb8d27136e95//l/i/blue-lagoon-navy-blue-full-rim-square-kids-8-12-yrs-lenskart-innovation-lk-e17904-eyeglasses_swaps-catalog-231431_11march25.png
Hooper,₹750,₹ 950,(21% OFF),4.9,1254,https://www.lenskart.com/hooper-hp-e15083m-c4-eyeglass.html,https://static5.lenskart.com/media/catalog/product/pro/1/thumbnail/628x301/9df78eab33525d08d6e5fb8d27136e95//h/i/kids-glasses:-transparent-orange-full-rim-round-kids-5-8-yrs-hooper-tr-flex-hp-e15083m-c12-eyeglasses_dsc3493_01_10_2024.jpg
Hooper,₹750,₹ 950,(21% OFF),4.9,899,https://www.lenskart.com/hooper-hp-e10004l-black-eyeglasses.html,https://static5.lenskart.com/media/catalog/product/pro/1/thumbnail/628x301/9df78eab33525d08d6e5fb8d27136e95//h/i/black-orange-full-rim-rectangle-hooper-space-explorers-kids-8-12-yrs-hp-e10004l-eyeglasses__dsc2680_21_03_2025.jpg
Hooper,₹750,₹ 950,(21% OFF),4.9,190,https://www.lenskart.com/hooper-hp-e10004l-c9-eyeglasses.html,https://static5.lenskart.com/media/catalog/product/pro/1/thumbnail/628x301/9df78eab33525d08d6e5fb8d27136e95//h/i/kids-glasses:-black-black-full-rim-wayfarer-kids-8-12-yrs-hooper-flexi-hooper-hp-e10004l-c9_g_5448_07_20_23.jpg
Hooper,₹1400,₹ 1900,(26% OFF),4.9,9,https://www.lenskart.com/hooper-hpe000740-c1  black-eyeglasses.html,https://static5.lenskart.com/media/catalog/product/pro/1/thumbnail/628x301/9df78eab33525d08d6e5fb8d27136e95//h/i/black-full-rim-rectangle-kids-8-12-yrs-hooper-ip-hpe000740-eyeglasses__dsc3043_25_03_25.jpg
Hooper,₹750,₹ 950,(21% OFF),4.9,1106,https://www.lenskart.com/hooper-hp-e15083l-c4-eyeglasses.html,https://static5.lenskart.com/media/catalog/product/pro/1/thumbnail/628x301/9df78eab33525d08d6e5fb8d27136e95//h/i/kids-glasses:-transparent-white-blue-green-full-rim-round-kids-8-12-yrs-hooper-tr-flex-hp-e15083l-c4-eyeglasses__dsc5643_23_08_2024.jpg
Hooper,₹750,₹ 950,(21% OFF),4.9,28,https://www.lenskart.com/hooper-hp-e17242l-c1-eyeglasses.html,https://static5.lenskart.com/media/catalog/product/pro/1/thumbnail/628x301/9df78eab33525d08d6e5fb8d27136e95//h/i/hooper-hp-e17242l-c1-eyeglass_dsc0782_03_12_2024.jpg
Hooper,₹750,₹ 950,(21% OFF),4.9,657,https://www.lenskart.com/hooper-hp-e10004m-lavender-eyeglasses.html,https://static5.lenskart.com/media/catalog/product/pro/1/thumbnail/628x301/9df78eab33525d08d6e5fb8d27136e95//h/i/lavender-full-rim-rectangle-hooper-space-explorers-kids-5-8-yrs-hp-e10004m-eyeglasses__dsc2614_21_03_2025.jpg
Hooper,₹750,₹ 950,(21% OFF),4.7,27,https://www.lenskart.com/hooper-hp-e10085m-black-eyeglasses.html,https://static5.lenskart.com/media/catalog/product/pro/1/thumbnail/628x301/9df78eab33525d08d6e5fb8d27136e95//h/i/navy-blue-full-rim-rectangle-hooper-space-explorers-kids-5-8-yrs-hp-e10085m-eyeglasses__dsc2664_21_03_2025.jpg
Hooper,₹750,₹ 950,(21% OFF),4.9,398,https://www.lenskart.com/hooper-hp-e10014-c3-eyeglasses.html,https://static5.lenskart.com/media/catalog/product/pro/1/thumbnail/628x301/9df78eab33525d08d6e5fb8d27136e95//h/i/kids-glasses:-black-green-transparent-black-full-rim-rectangle-kids--5-8-yrs--hooper-astra-hooper-hp-e10014-c3_hooper-hp-e10014-c3-eyeglasses_g_0975_22_march23.jpg.jpg
Hooper,₹750,₹ 950,(21% OFF),4.8,60,https://www.lenskart.com/lenskart-lk-e17904-black-eyeglasses.html,https://static5.lenskart.com/media/catalog/product/pro/1/thumbnail/628x301/9df78eab33525d08d6e5fb8d27136e95//l/i/black-full-rim-square-kids-8-12-yrs-lenskart-innovation-lk-e17904-eyeglasses_swaps-catalog-231430_11march25.png
Hooper,₹1400,₹ 1900,(26% OFF),4.9,59,https://www.lenskart.com/hooper-hpe000739-c2 blue-eyeglasses.html,https://static5.lenskart.com/media/catalog/product/pro/1/thumbnail/628x301/9df78eab33525d08d6e5fb8d27136e95//h/i/navy-blue-full-rim-rectangle-kids-8-12-yrs-hooper-ip-hpe000739-eyeglasses__dsc3002_25_03_25.jpg
Hooper,₹750,₹ 950,(21% OFF),4.9,2977,https://www.lenskart.com/hooper-hp-e15011-sapphire-ace-eyeglasses.html,https://static5.lenskart.com/media/catalog/product/pro/1/thumbnail/628x301/9df78eab33525d08d6e5fb8d27136e95//h/i/kids-glasses:-sapphire-full-rim-wayfarer-unisex-8-12-yrs-hooper-hustlr-hp-e15011-eyeglasses__dsc5891_20_02_2025.jpg
Hooper,₹750,₹ 950,(21% OFF),4.9,70,https://www.lenskart.com/lenskart-lk-e17903-crystal-transparent-eyeglasses.html,https://static5.lenskart.com/media/catalog/product/pro/1/thumbnail/628x301/9df78eab33525d08d6e5fb8d27136e95//l/i/crystal-transparent-navy-blue-full-rim-cat-eye-kids-8-12-yrs-lenskart-innovation-lk-e17903-eyeglasses_swaps-catalog-231429_11march25.png
Hooper,₹750,₹ 950,(21% OFF),4.9,899,https://www.lenskart.com/hooper-hp-e10004l-c5-eyeglass.html,https://static5.lenskart.com/media/catalog/product/pro/1/thumbnail/628x301/9df78eab33525d08d6e5fb8d27136e95//h/i/kids-glasses:-blue-sky-blue-yellow-full-rim-rectangle-kids-5-8-yrs-hooper-tr-flex-hp-e10004l-c5-eyeglasses__dsc5570_23_08_2024.jpg
Hooper,₹750,₹ 950,(21% OFF),5,12,https://www.lenskart.com/hooper-hp-e10003xl-navy-blue-eyeglasses.html,https://static5.lenskart.com/media/catalog/product/pro/1/thumbnail/628x301/9df78eab33525d08d6e5fb8d27136e95//h/i/navy-blue-full-rim-round-hooper-space-explorers-kids-teens-hp-e10003xl-eyeglasses__dsc2547_21_03_2025.jpg
Hooper,₹750,₹ 950,(21% OFF),4.9,1106,https://www.lenskart.com/hooper-hp-e15083l-c6-eyeglass.html,https://static5.lenskart.com/media/catalog/product/pro/1/thumbnail/628x301/9df78eab33525d08d6e5fb8d27136e95//h/i/kids-glasses:-matte-purple-black-full-rim-round-kids-8-12-yrs-hooper-tr-flex-hp-e15083l-c6-eyeglasses_dsc3535_01_10_2024.jpg
Hooper,₹750,₹ 950,(21% OFF),4.9,136,https://www.lenskart.com/hooper-hp-e16997-l-c1-eyeglasses.html,https://static5.lenskart.com/media/catalog/product/pro/1/thumbnail/628x301/9df78eab33525d08d6e5fb8d27136e95//h/i/grey-full-rim-rectangle-kids-8-12-yrs-hooper-pro-fit-hp-e16997-l-c1-eyeglasses_img_3062_17_04_2024.jpg
Hooper,₹750,₹ 950,(21% OFF),4.9,33,https://www.lenskart.com/hooper-hp-e10085l-navy-blue-eyeglasses.html,https://static5.lenskart.com/media/catalog/product/pro/1/thumbnail/628x301/9df78eab33525d08d6e5fb8d27136e95//h/i/transparent-blue-purple-full-rim-rectangle-hooper-space-explorers-kids-8-12-yrs-hp-e10085l-eyeglasses__dsc2581_21_03_2025.jpg
Hooper,₹750,₹ 950,(21% OFF),4.8,43,https://www.lenskart.com/hooper-hp-e17702-c1-eyeglasses.html,https://static5.lenskart.com/media/catalog/product/pro/1/thumbnail/628x301/9df78eab33525d08d6e5fb8d27136e95//h/i/hooper-hp-e17702-c1-eyeglasses__dsc7589_22_11_2024.jpg
Hooper,₹750,₹ 950,(21% OFF),4.9,122,https://www.lenskart.com/hooper-hp-e10084l-c1-eyeglasses.html,https://static5.lenskart.com/media/catalog/product/pro/1/thumbnail/628x301/9df78eab33525d08d6e5fb8d27136e95//h/i/kids-glasses:-purple-full-rim-cat-eye-kids-teens-hooper-tr-flex-hp-e10084l-c1-eyeglasses__dsc5578_23_08_2024.jpg
Hooper,₹750,₹ 950,(21% OFF),4.9,688,https://www.lenskart.com/hooper-hp-e10003l-black-eyeglasses.html,https://static5.lenskart.com/media/catalog/product/pro/1/thumbnail/628x301/9df78eab33525d08d6e5fb8d27136e95//h/i/navy-blue-full-rim-round-hooper-space-explorers-kids-8-12-yrs-hp-e10003l-eyeglasses__dsc2605_21_03_2025.jpg
Hooper,₹750,₹ 950,(21% OFF),4.9,26,https://www.lenskart.com/lenskart-lk-e-16255-c1-eyeglasses.html,https://static5.lenskart.com/media/catalog/product/pro/1/thumbnail/628x301/9df78eab33525d08d6e5fb8d27136e95//h/i/kids-glasses:-blue-red-full-rim-square-kids-8-12-yrs-hooper-superhero-lk-e16255-c1_img_4188_29_11_2023.jpg
Hooper,₹750,₹ 950,(21% OFF),4.8,91,https://www.lenskart.com/lenskart-lk-e17902-black-eyeglasses.html,https://static5.lenskart.com/media/catalog/product/pro/1/thumbnail/628x301/9df78eab33525d08d6e5fb8d27136e95//l/i/black-full-rim-square-kids-8-12-yrs-lenskart-innovation-lk-e17902-eyeglasses_swaps-catalog-231427_11march25.png
Hooper,₹750,₹ 950,(21% OFF),4.8,32,https://www.lenskart.com/hooper-hp-e17239l-c1-eyeglasses.html,https://static5.lenskart.com/media/catalog/product/pro/1/thumbnail/628x301/9df78eab33525d08d6e5fb8d27136e95//h/i/transparent-grey-full-rim-rectangle-kids-5-8-yrs-hooper-ultem-flex-hp-e17239l-c1-eyeglasses_dsc5784_15_10_2024.jpg
Hooper,₹750,₹ 950,(21% OFF),4.9,1062,https://www.lenskart.com/hooper-hp-e15084l-c5-eyeglass.html,https://static5.lenskart.com/media/catalog/product/pro/1/thumbnail/628x301/9df78eab33525d08d6e5fb8d27136e95//h/i/kids-glasses:-transparent-purple-green-full-rim-wayfarer-kids-5-8-yrs-hooper-tr-flex-hp-e15084l-c5-eyeglasses_dsc3410_01_10_2024.jpg
Hooper,₹750,₹ 950,(21% OFF),4.5,30,https://www.lenskart.com/hooper-hp-e17699-c2-eyeglasses.html,https://static5.lenskart.com/media/catalog/product/pro/1/thumbnail/628x301/9df78eab33525d08d6e5fb8d27136e95//h/i/hooper-hp-e17699-c2-eyeglasses__dsc7646_22_11_2024.jpg
Hooper,₹750,₹ 950,(21% OFF),4.8,94,https://www.lenskart.com/hooper-hp-e17243l-c1-eyeglasses.html,https://static5.lenskart.com/media/catalog/product/pro/1/thumbnail/628x301/9df78eab33525d08d6e5fb8d27136e95//h/i/light-pink-full-rim-cat-eye-kids-8-12-yrs-hooper-ultem-flex-hp-e17243l-c1-eyeglasses_dsc5831_15_10_2024.jpg
Hooper,₹750,₹ 950,(21% OFF),4.9,2977,https://www.lenskart.com/lenskart-hp-e15011-c6-new-eyeglasses.html,https://static5.lenskart.com/media/catalog/product/pro/1/thumbnail/628x301/9df78eab33525d08d6e5fb8d27136e95//l/i/ocean-blue-full-rim-wayfarer_csvfile-1715678841004-_dsc2086.jpg
Hooper,₹750,₹ 950,(21% OFF),4.7,24,https://www.lenskart.com/lenskart-lk-e17899-black-eyeglasses.html,https://static5.lenskart.com/media/catalog/product/pro/1/thumbnail/628x301/9df78eab33525d08d6e5fb8d27136e95//l/i/black-full-rim-square-kids-5-8-yrs-lenskart-innovation-lk-e17899-eyeglasses_swaps-catalog-231421_11march25.png
Hooper,₹750,₹ 950,(21% OFF),4.8,72,https://www.lenskart.com/hooper-hp-e17704-c1-eyeglasses.html,https://static5.lenskart.com/media/catalog/product/pro/1/thumbnail/628x301/9df78eab33525d08d6e5fb8d27136e95//h/i/kids-glasses:-violet-full-rim-cat-eye-women-8-12-yrs-hooper-play-hp-e17704-eyeglasses__dsc5228.jpg
Hooper,₹750,₹ 950,(21% OFF),4.9,262,https://www.lenskart.com/hooper-hp-e10006m-c7-eyeglasses.html,https://static5.lenskart.com/media/catalog/product/pro/1/thumbnail/628x301/9df78eab33525d08d6e5fb8d27136e95//h/i/green-transparent-purple-voilet-green-full-rim-rectangle-kids-(5-8-yrs)-hooper-flexi-hooper-hp-e15085m-c2-eyeglasses_g_5322_9_21_22.jpg
Hooper,₹750,₹ 950,(21% OFF),4.8,25,https://www.lenskart.com/hooper-hp-e17640-m-c1-eyeglasses.html,https://static5.lenskart.com/media/catalog/product/pro/1/thumbnail/628x301/9df78eab33525d08d6e5fb8d27136e95//h/i/hooper-hp-e17640-m-c1-eyeglasses_dsc7650_21_10_2024.jpg
Hooper,₹750,₹ 950,(21% OFF),4.9,860,https://www.lenskart.com/hooper-hp-e15085l-c6-eyeglass.html,https://static5.lenskart.com/media/catalog/product/pro/1/thumbnail/628x301/9df78eab33525d08d6e5fb8d27136e95//h/i/kids-glasses:-matte-black-purple-full-rim-rectangle-kids-5-8-yrs-hooper-tr-flex-hp-e15085l-c6-eyeglasses_dsc3503_01_10_2024.jpg
Hooper,₹750,₹ 950,(21% OFF),4.9,178,https://www.lenskart.com/hooper-hp-e16999-l-c4-eyeglasses.html,https://static5.lenskart.com/media/catalog/product/pro/1/thumbnail/628x301/9df78eab33525d08d6e5fb8d27136e95//h/i/crystal-transparent-full-rim-wayfarer-kids-8-12-yrs-hooper-pro-fit-hp-e16999-l-eyeglasses__dsc0810_04_12_2024.jpg
Hooper,₹750,₹ 950,(21% OFF),4.9,175,https://www.lenskart.com/hooper-hp-e10082-c3-eyeglasses.html,https://static5.lenskart.com/media/catalog/product/pro/1/thumbnail/628x301/9df78eab33525d08d6e5fb8d27136e95//h/i/kids-glasses:-black-full-rim-wayfarer-kids--5-8-yrs--hooper-flexi-hooper-hp-e10082-c3_hooper-hp-e10082-c3-eyeglasses_g_5462_22_march23.jpg.jpg
Hooper,₹750,₹ 950,(21% OFF),4.9,9,https://www.lenskart.com/hooper-hp-e10084m-navy-blue-eyeglasses.html,https://static5.lenskart.com/media/catalog/product/pro/1/thumbnail/628x301/9df78eab33525d08d6e5fb8d27136e95//h/i/transparent-blue-purple-full-rim-cat-eye-hooper-space-explorers-kids-5-8-yrs-hp-e10084m-eyeglasses__dsc2639_21_03_2025.jpg
Hooper,₹750,₹ 950,(21% OFF),4.7,58,https://www.lenskart.com/hooper-hp-e17703-c1-eyeglasses.html,https://static5.lenskart.com/media/catalog/product/pro/1/thumbnail/628x301/9df78eab33525d08d6e5fb8d27136e95//h/i/hooper-hp-e17703-c1-eyeglasses__dsc7627_22_11_2024.jpg
Hooper,₹750,₹ 950,(21% OFF),4.9,28,https://www.lenskart.com/hooper-hp-e17242l-c2-eyeglasses.html,https://static5.lenskart.com/media/catalog/product/pro/1/thumbnail/628x301/9df78eab33525d08d6e5fb8d27136e95//h/i/hooper-hp-e17242l-c2-eyeglass_dsc0682_03_12_2024.jpg
Hooper,₹1400,₹ 1900,(26% OFF),4.9,15,https://www.lenskart.com/lenskart-lk-e18480-black-eyeglasses.html,https://static5.lenskart.com/media/catalog/product/pro/1/thumbnail/628x301/9df78eab33525d08d6e5fb8d27136e95//l/i/lenskart-lk-e18480-black-eyeglasses__dsc7106_16_07_2025.jpg
Hooper,₹750,₹ 950,(21% OFF),5,7,https://www.lenskart.com/hooper-hp-e10082m-black-eyeglasses.html,https://static5.lenskart.com/media/catalog/product/pro/1/thumbnail/628x301/9df78eab33525d08d6e5fb8d27136e95//h/i/black-red-full-rim-wayfarer-hooper-space-explorers-kids-5-8-yrs-hp-e10082m-eyeglasses__dsc2589_21_03_2025.jpg
Hooper,₹750,₹ 950,(21% OFF),4.7,14,https://www.lenskart.com/hooper-hp-e17239m-c2-eyeglasses.html,https://static5.lenskart.com/media/catalog/product/pro/1/thumbnail/628x301/9df78eab33525d08d6e5fb8d27136e95//h/i/hooper-hp-e17239m-c2-eyeglass_dsc0764_03_12_2024.jpg
Hooper,₹750,₹ 950,(21% OFF),4.9,43,https://www.lenskart.com/hooper-hp-e17700-c2-eyeglasses.html,https://static5.lenskart.com/media/catalog/product/pro/1/thumbnail/628x301/9df78eab33525d08d6e5fb8d27136e95//h/i/hooper-hp-e17700-c2-eyeglasses__dsc7608_22_11_2024.jpg
Hooper,₹750,₹ 950,(21% OFF),4.9,25,https://www.lenskart.com/hooper-hp-e17243m-c2-eyeglasses.html,https://static5.lenskart.com/media/catalog/product/pro/1/thumbnail/628x301/9df78eab33525d08d6e5fb8d27136e95//h/i/hooper-hp-e17243m-c2-eyeglass_dsc0663_03_12_2024.jpg
Hooper,₹750,₹ 950,(21% OFF),4.5,25,https://www.lenskart.com/lenskart-lk-e17901-dark-grey-eyeglasses.html,https://static5.lenskart.com/media/catalog/product/pro/1/thumbnail/628x301/9df78eab33525d08d6e5fb8d27136e95//l/i/dark-grey-full-rim-square-kids-5-8-yrs-lenskart-innovation-lk-e17901-eyeglasses_swaps-catalog-231424_11march25.png
Hooper,₹750,₹ 950,(21% OFF),4.9,54,https://www.lenskart.com/lenskart-lk-e17900-crystal-transparent-eyeglasses.html,https://static5.lenskart.com/media/catalog/product/pro/1/thumbnail/628x301/9df78eab33525d08d6e5fb8d27136e95//l/i/crystal-transparent-black-full-rim-oval-kids-5-8-yrs-lenskart-innovation-lk-e17900-eyeglasses_swaps-catalog-231423_11march25.png
Hooper,₹750,₹ 950,(21% OFF),4.9,477,https://www.lenskart.com/hooper-hp-e10003m-navy-blue-eyeglasses.html,https://static5.lenskart.com/media/catalog/product/pro/1/thumbnail/628x301/9df78eab33525d08d6e5fb8d27136e95//h/i/navy-blue-yellow-full-rim-round-hooper-space-explorers-kids-5-8-yrs-hp-e10003m-eyeglasses__dsc2622_21_03_2025.jpg
Hooper,₹750,₹ 950,(21% OFF),4.9,25,https://www.lenskart.com/hooper-hp-e17243m-c1-eyeglasses.html,https://static5.lenskart.com/media/catalog/product/pro/1/thumbnail/628x301/9df78eab33525d08d6e5fb8d27136e95//h/i/light-pink-full-rim-cat-eye-kids-5-8-yrs-hooper-ultem-flex-hp-e17243m-c1-eyeglasses_dsc5775_15_10_2024.jpg
Hooper,₹750,₹ 950,(21% OFF),4.7,46,https://www.lenskart.com/hooper-hp-e17641-m-c1-eyeglasses.html,https://static5.lenskart.com/media/catalog/product/pro/1/thumbnail/628x301/9df78eab33525d08d6e5fb8d27136e95//h/i/kids-glasses:-transparent-purple-full-rim-round-kids-5-8-yrs-hooper-unicorn-hp-e17641-m-c1-eyeglasses__dsc7788_22_10_2024.jpg
Hooper,₹750,₹ 950,(21% OFF),4.9,136,https://www.lenskart.com/hooper-hp-e16997-l-c3-eyeglasses.html,https://static5.lenskart.com/media/catalog/product/pro/1/thumbnail/628x301/9df78eab33525d08d6e5fb8d27136e95//h/i/sky-blue-full-rim-rectangle-kids-8-12-yrs-hooper-pro-fit-hp-e16997-l-eyeglasses__dsc0800_04_12_2024.jpg
Hooper,₹750,₹ 950,(21% OFF),4.9,150,https://www.lenskart.com/hooper-hp-e16082-c1-eyeglasses.html,https://static5.lenskart.com/media/catalog/product/pro/1/thumbnail/628x301/9df78eab33525d08d6e5fb8d27136e95//h/i/kids-glasses:-brown-transparent-multicolour-wayfarer-kids-8-12-yrs-hooper-memphis-hp-e16082-c1_csvfile-1712912701942-img_0937_pla.jpg
Hooper,₹750,₹ 950,(21% OFF),4.9,393,https://www.lenskart.com/hooper-hp-e10082l-dark-grey-eyeglasses.html,https://static5.lenskart.com/media/catalog/product/pro/1/thumbnail/628x301/9df78eab33525d08d6e5fb8d27136e95//h/i/dark-gray-black-full-rim-wayfarer-hooper-space-explorers-kids-8-12-yrs-hp-e10082l-eyeglasses__dsc2555_21_03_2025.jpg
Hooper,₹750,₹ 950,(21% OFF),4.8,91,https://www.lenskart.com/lenskart-lk-e17902-crystal-transparent-eyeglasses.html,https://static5.lenskart.com/media/catalog/product/pro/1/thumbnail/628x301/9df78eab33525d08d6e5fb8d27136e95//l/i/crystal-transparent-blue-lagoon-full-rim-square-kids-8-12-yrs-lenskart-innovation-lk-e17902-eyeglasses_swaps-catalog-231426_11march25.png
Hooper,₹750,₹ 950,(21% OFF),4.8,38,https://www.lenskart.com/hooper-hp-e17638-l-c1-eyeglasses.html,https://static5.lenskart.com/media/catalog/product/pro/1/thumbnail/628x301/9df78eab33525d08d6e5fb8d27136e95//h/i/kids-glasses:-transparent-pink-full-rim-rectangle-kids-8-12-yrs-hooper-unicorn-hp-e17638-l-c1-eyeglasses__dsc7686_22_10_2024.jpg
Hooper,₹750,₹ 950,(21% OFF),4.9,66,https://www.lenskart.com/hooper-hp-e17641-l-c1-eyeglasses.html,https://static5.lenskart.com/media/catalog/product/pro/1/thumbnail/628x301/9df78eab33525d08d6e5fb8d27136e95//h/i/kids-glasses:-transparent-purple-full-rim-round-kids-8-12-yrs-hooper-unicorn-hp-e17641-l-c1-eyeglasses__dsc7641_22_10_2024.jpg
Hooper,₹750,₹ 950,(21% OFF),4.8,12,https://www.lenskart.com/lenskart-lk-e18468-black-eyeglasses.html,https://static5.lenskart.com/media/catalog/product/pro/1/thumbnail/628x301/9df78eab33525d08d6e5fb8d27136e95//l/i/lenskart-lk-e18468-black-eyeglasses__dsc4518_02_06_2025.jpg
Hooper,₹750,₹ 950,(21% OFF),4.7,27,https://www.lenskart.com/hooper-hp-e10085m-navy-blue-eyeglasses.html,https://static5.lenskart.com/media/catalog/product/pro/1/thumbnail/628x301/9df78eab33525d08d6e5fb8d27136e95//h/i/pink-full-rim-rectangle-hooper-space-explorers-kids-5-8-yrs-hp-e10085m-eyeglasses__dsc2572_21_03_2025.jpg
Hooper,₹1400,₹ 1900,(26% OFF),4.9,22,https://www.lenskart.com/lenskart-lk-e18481-blue-eyeglasses.html,https://static5.lenskart.com/media/catalog/product/pro/1/thumbnail/628x301/9df78eab33525d08d6e5fb8d27136e95//l/i/lenskart-lk-e18481-blue-eyeglasses__dsc7117_16_07_2025.jpg
Hooper,₹750,₹ 950,(21% OFF),4.9,688,https://www.lenskart.com/hooper-hp-e10003l-black-eyeglass.html,https://static5.lenskart.com/media/catalog/product/pro/1/thumbnail/628x301/9df78eab33525d08d6e5fb8d27136e95//h/i/navy-blue-jade-green-full-rim-round-hooper-space-explorers-kids-8-12-yrs-hp-e10003l-eyeglasses__dsc2647_21_03_2025.jpg
Hooper,₹750,₹ 950,(21% OFF),4.8,96,https://www.lenskart.com/hooper-hp-e17244l-c2-eyeglasses.html,https://static5.lenskart.com/media/catalog/product/pro/1/thumbnail/628x301/9df78eab33525d08d6e5fb8d27136e95//h/i/kids-glasses:-teal-full-rim-wayfarer--kids-8-12-yrs-hooper-ultem-flex-hp-e17244l-c2-eyeglasses__dsc9081_29_08_2024.jpg
Hooper,₹750,₹ 950,(21% OFF),4.8,38,https://www.lenskart.com/hooper-hp-e17638-l-c2-eyeglasses.html,https://static5.lenskart.com/media/catalog/product/pro/1/thumbnail/628x301/9df78eab33525d08d6e5fb8d27136e95//h/i/kids-glasses:-transparent-sky-blue-full-rim-rectangle-kids-8-12-yrs-hooper-unicorn-hp-e17638-l-c2-eyeglasses__dsc7770_22_10_2024.jpg
Hooper,₹750,₹ 950,(21% OFF),4.9,1369,https://www.lenskart.com/hooper-hp-e10014l-c5-eyeglasses.html,https://static5.lenskart.com/media/catalog/product/pro/1/thumbnail/628x301/9df78eab33525d08d6e5fb8d27136e95//h/i/kids-glasses:-transparent-blue-white-full-rimrectangle-kids-8-12-yrs-hooper-tr-essentials-hp-e10014l-c5-eyeglasses__dsc5720_15_10_2024.jpg
Hooper,₹750,₹ 950,(21% OFF),4.9,54,https://www.lenskart.com/lenskart-lk-e17900-pink-transparent-eyeglasses.html,https://static5.lenskart.com/media/catalog/product/pro/1/thumbnail/628x301/9df78eab33525d08d6e5fb8d27136e95//l/i/pink-transparent-pink-full-rim-oval-kids-5-8-yrs-lenskart-innovation-lk-e17900-eyeglasses_swaps-catalog-231422_11march25.png
Hooper,₹750,₹ 950,(21% OFF),4.5,25,https://www.lenskart.com/lenskart-lk-e17901-blue-lagoon-eyeglasses.html,https://static5.lenskart.com/media/catalog/product/pro/1/thumbnail/628x301/9df78eab33525d08d6e5fb8d27136e95//l/i/blue-lagoon-full-rim-square-kids-5-8-yrs-lenskart-innovation-lk-e17901-eyeglasses_swaps-catalog-231425_11march25.png
Hooper,₹750,₹ 950,(21% OFF),4.9,107,https://www.lenskart.com/hooper-hp-e17241m-c2-eyeglasses.html,https://static5.lenskart.com/media/catalog/product/pro/1/thumbnail/628x301/9df78eab33525d08d6e5fb8d27136e95//h/i/kids-glasses:-sky-blue-full-rim-round-kids-5-8-yrs--hooper-ultem-flex-hp-e17241m-c2-eyeglasses__dsc9100_29_08_2024.jpg
Hooper,₹750,₹ 950,(21% OFF),4.9,12,https://www.lenskart.com/lenskart-lk-e-16274-c1-eyeglasses.html,https://static5.lenskart.com/media/catalog/product/pro/1/thumbnail/628x301/9df78eab33525d08d6e5fb8d27136e95//h/i/lenskart-lk-e16274-c1-eyeglasses_img_4054_01_12_2023.jpg
Hooper,₹750,₹ 950,(21% OFF),4.9,77,https://www.lenskart.com/hooper-hp-e17240l-c2-eyeglasses.html,https://static5.lenskart.com/media/catalog/product/pro/1/thumbnail/628x301/9df78eab33525d08d6e5fb8d27136e95//h/i/kids-glasses:-grey-black-full-rim-rectangle-kids-8-12-yrs-hooper-ultem-flex-hp-e17240l-c2-eyeglasses__dsc9117_29_08_2024.jpg
Hooper,₹1400,₹ 1900,(26% OFF),5,19,https://www.lenskart.com/lenskart-lk-e18482-black-eyeglasses.html,https://static5.lenskart.com/media/catalog/product/pro/1/thumbnail/628x301/9df78eab33525d08d6e5fb8d27136e95//l/i/lenskart-lk-e18482-black-eyeglasses__dsc7084_16_07_2025.jpg
Hooper,₹750,₹ 950,(21% OFF),4.9,424,https://www.lenskart.com/lenskart-hp-d15011-c17-eye.html,https://static5.lenskart.com/media/catalog/product/pro/1/thumbnail/628x301/9df78eab33525d08d6e5fb8d27136e95//l/i/ocean-blue-full-rim-wayfarer-lenskart-hustlr-hp-d15011-c4-eyeglasses__dsc2066_14_05_2024.jpg
Hooper,₹750,₹ 950,(21% OFF),4.8,31,https://www.lenskart.com/hooper-hp-e17638-m-c2-eyeglasses.html,https://static5.lenskart.com/media/catalog/product/pro/1/thumbnail/628x301/9df78eab33525d08d6e5fb8d27136e95//h/i/kids-glasses:-transparent-sky-blue-full-rim-rectangle-kids-5-8-yrs-hooper-unicorn-hp-e17638-m-c2-eyeglasses__dsc7668_22_10_2024.jpg
Hooper,₹750,₹ 950,(21% OFF),4.9,899,https://www.lenskart.com/hooper-hp-e10004l-navy-blue-eyeglasses.html,https://static5.lenskart.com/media/catalog/product/pro/1/thumbnail/628x301/9df78eab33525d08d6e5fb8d27136e95//h/i/purple-full-rim-rectangle-hooper-space-explorers-kids-8-12-yrs-hp-e10004l-eyeglasses__dsc2597_21_03_2025.jpg
Hooper,₹750,₹ 950,(21% OFF),4.8,96,https://www.lenskart.com/hooper-hp-e17244l-c1-eyeglasses.html,https://static5.lenskart.com/media/catalog/product/pro/1/thumbnail/628x301/9df78eab33525d08d6e5fb8d27136e95//h/i/kids-glasses:-black-full-rim-wayfarer--kids-8-12-yrs-hooper-ultem-flex-hp-e17244l-c1-eyeglasses__dsc9091_29_08_2024.jpg
Hooper,₹750,₹ 950,(21% OFF),4.5,19,https://www.lenskart.com/hooper-hp-e17639-l-c2-eyeglasses.html,https://static5.lenskart.com/media/catalog/product/pro/1/thumbnail/628x301/9df78eab33525d08d6e5fb8d27136e95//h/i/kids-glasses:-transparent-purple-full-rim-cat-eye-kids-8-12-yrs-hooper-unicorn-hp-e17639-l-c2-eyeglasses__dsc7761_22_10_2024.jpg
Hooper,₹750,₹ 950,(21% OFF),4.5,30,https://www.lenskart.com/hooper-hp-e17699-c1-eyeglasses.html,https://static5.lenskart.com/media/catalog/product/pro/1/thumbnail/628x301/9df78eab33525d08d6e5fb8d27136e95//h/i/hooper-hp-e17699-c1-eyeglasses__dsc7637_22_11_2024.jpg
Hooper,₹750,₹ 950,(21% OFF),4.9,2977,https://www.lenskart.com/lenskart-hp-e15011-c15-eye-dup.html,https://static5.lenskart.com/media/catalog/product/pro/1/thumbnail/628x301/9df78eab33525d08d6e5fb8d27136e95//l/i/peyush-bansal-shark-tank-greystone-full-rim-lenskart-hustlr-eyeglasses_csvfile-1706859662462-img_1457_22_01_2024.jpg
Hooper,₹750,₹ 950,(21% OFF),4.9,77,https://www.lenskart.com/hooper-hp-e17240l-c1-eyeglasses.html,https://static5.lenskart.com/media/catalog/product/pro/1/thumbnail/628x301/9df78eab33525d08d6e5fb8d27136e95//h/i/kids-glasses:-blue-black-full-rim-rectangle-kids-8-12-yrs-hooper-ultem-flex-hp-e17240l-c1-eyeglasses__dsc9073_29_08_2024.jpg
Hooper,₹1400,₹ 1900,(26% OFF),5,19,https://www.lenskart.com/lenskart-lk-e18482-blue-eyeglasses.html,https://static5.lenskart.com/media/catalog/product/pro/1/thumbnail/628x301/9df78eab33525d08d6e5fb8d27136e95//l/i/lenskart-lk-e18482-blue-eyeglasses__dsc7072_16_07_2025.jpg
Hooper,₹750,₹ 950,(21% OFF),4.8,25,https://www.lenskart.com/hooper-hp-e17640-m-c2-eyeglasses.html,https://static5.lenskart.com/media/catalog/product/pro/1/thumbnail/628x301/9df78eab33525d08d6e5fb8d27136e95//h/i/kids-glasses:-transparent-sky-blue-full-rim-cat-eye-kids-5-8-yrs-hooper-unicorn-hp-e17640-m-c2-eyeglasses__dsc7779_22_10_2024.jpg
Hooper,₹750,₹ 950,(21% OFF),4.9,23,https://www.lenskart.com/hooper-hp-e17640-l-c1-eyeglasses.html,https://static5.lenskart.com/media/catalog/product/pro/1/thumbnail/628x301/9df78eab33525d08d6e5fb8d27136e95//h/i/kids-glasses:-transparent-purple-full-rim-cat-eye-kids-8-12-yrs-hooper-unicorn-hp-e17640-l-c1-eyeglasses__dsc7659_22_10_2024.jpg
Hooper,₹750,₹ 950,(21% OFF),4.9,2977,https://www.lenskart.com/lenskart-hustlr-hp-e15011l-c1-eyeglasses-dup.html,https://static5.lenskart.com/media/catalog/product/pro/1/thumbnail/628x301/9df78eab33525d08d6e5fb8d27136e95//h/i/peyush-bansal-shark-tank-extra-narrow-black-full-rim-hustlr-eyeglasses_csvfile-1679607917293-blackkidsb.jpg
Hooper,₹750,₹ 950,(21% OFF),4.9,19,https://www.lenskart.com/hooper-hp-e17639-m-c2-eyeglasses.html,https://static5.lenskart.com/media/catalog/product/pro/1/thumbnail/628x301/9df78eab33525d08d6e5fb8d27136e95//h/i/hooper-hp-e17639-m-c2-eyeglasses_dsc7713_21_10_2024.jpg
Hooper,₹750,₹ 950,(21% OFF),4.9,111,https://www.lenskart.com/hooper-hp-e15083m-c11-eyeglasses.html,https://static5.lenskart.com/media/catalog/product/pro/1/thumbnail/628x301/9df78eab33525d08d6e5fb8d27136e95//h/i/hooper-hp-e15083m-c11-eyeglasses_img_9351_05_jan24.jpg
Hooper,₹750,₹ 950,(21% OFF),4.9,122,https://www.lenskart.com/hooper-hp-e10084l-black-eyeglasses.html,https://static5.lenskart.com/media/catalog/product/pro/1/thumbnail/628x301/9df78eab33525d08d6e5fb8d27136e95//h/i/black-lavender-full-rim-cat-eye-hooper-space-explorers-kids-8-12-yrs-hp-e10084l-eyeglasses__dsc2631_21_03_2025.jpg
Hooper,₹1400,₹ 1900,(26% OFF),4.9,22,https://www.lenskart.com/lenskart-lk-e18481-black-eyeglasses.html,https://static5.lenskart.com/media/catalog/product/pro/1/thumbnail/628x301/9df78eab33525d08d6e5fb8d27136e95//l/i/lenskart-lk-e18481-black-eyeglasses__dsc7095_16_07_2025.jpg
Hooper,₹750,₹ 950,(21% OFF),4.5,19,https://www.lenskart.com/hooper-hp-e17639-l-c1-eyeglasses.html,https://static5.lenskart.com/media/catalog/product/pro/1/thumbnail/628x301/9df78eab33525d08d6e5fb8d27136e95//h/i/hooper-hp-e17639-l-c1-eyeglasses_dsc7613_21_10_2024.jpg
Hooper,₹750,₹ 950,(21% OFF),4.9,23,https://www.lenskart.com/hooper-hp-e17640-l-c2-eyeglasses.html,https://static5.lenskart.com/media/catalog/product/pro/1/thumbnail/628x301/9df78eab33525d08d6e5fb8d27136e95//h/i/hooper-hp-e17640-l-c2-eyeglasses_dsc7624_21_10_2024.jpg
Hooper,₹750,₹ 950,(21% OFF),4.9,18,https://www.lenskart.com/lenskart-lk-e-16266-c1-eyeglasses.html,https://static5.lenskart.com/media/catalog/product/pro/1/thumbnail/628x301/9df78eab33525d08d6e5fb8d27136e95//h/i/kids-glasses:-creamy-white-creamy-white-full-rim-round-kids-8-12-yrs-hooper-superhero-lk-e16266-c1_img_4199_29_11_2023.jpg
Hooper,₹750,₹ 950,(21% OFF),4.8,57,https://www.lenskart.com/hooper-hp-e17315s-c2-eyeglasses.html,https://static5.lenskart.com/media/catalog/product/pro/1/thumbnail/628x301/9df78eab33525d08d6e5fb8d27136e95//h/i/kids-glasses:-matte-pink-full-rim-round-kids-2-5-yrs-hooper-creatr-hp-e17315s-c2_dsc8758_10_09_2024.jpg
Hooper,₹750,₹ 950,(21% OFF),4.5,11,https://www.lenskart.com/lenskart-lk-e-16262-c1-eyeglasses.html,https://static5.lenskart.com/media/catalog/product/pro/1/thumbnail/628x301/9df78eab33525d08d6e5fb8d27136e95//h/i/lenskart-lk-e16262-c1-eyeglasses_img_3900_16_11_2023.jpg
Hooper,₹750,₹ 950,(21% OFF),4.9,19,https://www.lenskart.com/hooper-hp-e17639-m-c1-eyeglasses.html,https://static5.lenskart.com/media/catalog/product/pro/1/thumbnail/628x301/9df78eab33525d08d6e5fb8d27136e95//h/i/hooper-hp-e17639-m-c1-eyeglasses_dsc7677_21_10_2024.jpg
Hooper,₹750,₹ 950,(21% OFF),4.7,25,https://www.lenskart.com/hooper-hp-e17639-xn-c2-eyeglasses.html,https://static5.lenskart.com/media/catalog/product/pro/1/thumbnail/628x301/9df78eab33525d08d6e5fb8d27136e95//h/i/hooper-hp-e17639-xn-c2-eyeglasses_dsc7752_21_10_2024.jpg
Hooper,₹750,₹ 950,(21% OFF),5,11,https://www.lenskart.com/lenskart-lk-e-16268-c1-eyeglasses.html,https://static5.lenskart.com/media/catalog/product/pro/1/thumbnail/628x301/9df78eab33525d08d6e5fb8d27136e95//h/i/kids-glasses:-black-yellow-full-rim-rectangle-kids-5-8-yrs-hooper-superhero-lk-e16268-c1_img_4211_29_11_2023.jpg
Hooper,₹750,₹ 950,(21% OFF),4.7,25,https://www.lenskart.com/hooper-hp-e17639-xn-c1-eyeglasses.html,https://static5.lenskart.com/media/catalog/product/pro/1/thumbnail/628x301/9df78eab33525d08d6e5fb8d27136e95//h/i/hooper-hp-e17639-xn-c1-eyeglasses_dsc7722_21_10_2024.jpg
Hooper,₹750,₹ 950,(21% OFF),4.9,75,https://www.lenskart.com/hooper-hp-e17315l-c3-eyeglasses.html,https://static5.lenskart.com/media/catalog/product/pro/1/thumbnail/628x301/9df78eab33525d08d6e5fb8d27136e95//h/i/kids-glasses:-transparent-grey-full-rim-round-kids-8-12-yrs-hooper-creatr-hp-e17315l-c3_dsc9496_10_09_2024.jpg
Hooper,₹750,₹ 950,(21% OFF),4.7,6,https://www.lenskart.com/lenskart-lk-e-16261-c1-eyeglasses.html,https://static5.lenskart.com/media/catalog/product/pro/1/thumbnail/628x301/9df78eab33525d08d6e5fb8d27136e95//h/i/lenskart-lk-e16261-c1-eyeglasses_img_3830_16_11_2023.jpg
Hooper,₹750,₹ 950,(21% OFF),4.9,50,https://www.lenskart.com/hooper-hp-e17313s-c1-eyeglasses.html,https://static5.lenskart.com/media/catalog/product/pro/1/thumbnail/628x301/9df78eab33525d08d6e5fb8d27136e95//h/i/kids-glasses:-transparent-blue-full-rim-rectangle-kids-2-5-yrs-hooper-creatr-hp-e17313s-c1_dsc8724_10_09_2024.jpg
Hooper,₹750,₹ 950,(21% OFF),4.9,12,https://www.lenskart.com/hooper-hp-e17325-l-c1-eyeglasses.html,https://static5.lenskart.com/media/catalog/product/pro/1/thumbnail/628x301/9df78eab33525d08d6e5fb8d27136e95//h/i/hooper-hp-e17325-l-c1-eyeglass__dsc5769_29_08_2024.jpg
Hooper,₹750,₹ 950,(21% OFF),4.8,31,https://www.lenskart.com/hooper-hp-e17640-xn-c2-eyeglasses.html,https://static5.lenskart.com/media/catalog/product/pro/1/thumbnail/628x301/9df78eab33525d08d6e5fb8d27136e95//h/i/hooper-hp-e17640-xn-c2-eyeglasses_dsc7704_21_10_2024.jpg
Hooper,₹750,₹ 950,(21% OFF),4.8,10,https://www.lenskart.com/lenskart-lk-e-16260-c1-eyeglasses.html,https://static5.lenskart.com/media/catalog/product/pro/1/thumbnail/628x301/9df78eab33525d08d6e5fb8d27136e95//h/i/lenskart-lk-e16260-c1-eyeglasses_img_3889_16_11_2023.jpg
Hooper,₹750,₹ 950,(21% OFF),5,13,https://www.lenskart.com/hooper-hp-e17324-m-c2-eyeglasses.html,https://static5.lenskart.com/media/catalog/product/pro/1/thumbnail/628x301/9df78eab33525d08d6e5fb8d27136e95//h/i/hooper-hp-e17324-m-c2-eyeglasses__dsc5851_29_08_2024.jpg
Hooper,₹750,₹ 950,(21% OFF),5,13,https://www.lenskart.com/hooper-hp-e17324-m-c1-eyeglasses.html,https://static5.lenskart.com/media/catalog/product/pro/1/thumbnail/628x301/9df78eab33525d08d6e5fb8d27136e95//h/i/hooper-hp-e17324-m-c1-eyeglass__dsc5842_29_08_2024.jpg
Hooper,₹750,₹ 950,(21% OFF),4.9,35,https://www.lenskart.com/hooper-hp-e17314s-c3-eyeglasses.html,https://static5.lenskart.com/media/catalog/product/pro/1/thumbnail/628x301/9df78eab33525d08d6e5fb8d27136e95//h/i/kids-glasses:-black-full-rim-round-kids-2-5-yrs-hooper-creatr-hp-e17314s-c3_dsc8767_10_09_2024.jpg
Hooper,₹750,₹ 950,(21% OFF),4.9,13,https://www.lenskart.com/lenskart-lk-e-16254-c1-eyeglasses.html,https://static5.lenskart.com/media/catalog/product/pro/1/thumbnail/628x301/9df78eab33525d08d6e5fb8d27136e95//h/i/lenskart-lk-e16254-c1-eyeglasses_img_4177_01_12_2023.jpg
Hooper,₹750,₹ 950,(21% OFF),4.8,44,https://www.lenskart.com/hooper-hp-e17312s-c3-eyeglasses.html,https://static5.lenskart.com/media/catalog/product/pro/1/thumbnail/628x301/9df78eab33525d08d6e5fb8d27136e95//h/i/kids-glasses:-transparent-grey-full-rim-rectangle-kids-2-5-yrs-hooper-creatr-hp-e17312s-c3_dsc8750_10_09_2024.jpg
Hooper,₹750,₹ 950,(21% OFF),4.9,73,https://www.lenskart.com/hooper-hp-e17315m-c3-eyeglasses.html,https://static5.lenskart.com/media/catalog/product/pro/1/thumbnail/628x301/9df78eab33525d08d6e5fb8d27136e95//h/i/kids-glasses:-transparent-grey-full-rim-round-kids-5-8-yrs-hooper-creatr-hp-e17315m-c3_dsc9480_10_09_2024.jpg
Hooper,₹750,₹ 950,(21% OFF),4.9,35,https://www.lenskart.com/hooper-hp-e17314s-c2-eyeglasses.html,https://static5.lenskart.com/media/catalog/product/pro/1/thumbnail/628x301/9df78eab33525d08d6e5fb8d27136e95//h/i/kids-glasses:-transparent-blue-full-rim-round-kids-2-5-yrs-hooper-creatr-hp-e17314s-c2_dsc8716_10_09_2024.jpg
Hooper,₹750,₹ 950,(21% OFF),4.8,57,https://www.lenskart.com/hooper-hp-e17315s-c1-eyeglasses.html,https://static5.lenskart.com/media/catalog/product/pro/1/thumbnail/628x301/9df78eab33525d08d6e5fb8d27136e95//h/i/kids-glasses:-transparent-blue-full-rim-round-kids-2-5-yrs-hooper-creatr-hp-e17315s-c1_dsc8783_10_09_2024.jpg
Hooper,₹750,₹ 950,(21% OFF),4.9,74,https://www.lenskart.com/hooper-hp-e17313l-c3-eyeglasses.html,https://static5.lenskart.com/media/catalog/product/pro/1/thumbnail/628x301/9df78eab33525d08d6e5fb8d27136e95//h/i/kids-glasses:-transparent-grey-full-rim-rectangle-kids-8-12-yrs-hooper-creatr-hp-e17313l-c3_dsc9464_10_09_2024.jpg
Hooper,₹750,₹ 950,(21% OFF),4.8,52,https://www.lenskart.com/hooper-hp-e17314m-c3-eyeglasses.html,https://static5.lenskart.com/media/catalog/product/pro/1/thumbnail/628x301/9df78eab33525d08d6e5fb8d27136e95//h/i/kids-glasses:-black-full-rim-round-kids-5-8-yrs-hooper-creatr-hp-e17314m-c3_dsc9431_10_09_2024.jpg
Hooper,₹750,₹ 950,(21% OFF),4.8,66,https://www.lenskart.com/hooper-hp-e17313m-c2-eyeglasses.html,https://static5.lenskart.com/media/catalog/product/pro/1/thumbnail/628x301/9df78eab33525d08d6e5fb8d27136e95//h/i/kids-glasses:-black-full-rim-rectangle-kids-5-8-yrs-hooper-creatr-hp-e17313m-c2_dsc9456_10_09_2024.jpg
Hooper,₹750,₹ 950,(21% OFF),4.8,57,https://www.lenskart.com/hooper-hp-e17315s-c3-eyeglasses.html,https://static5.lenskart.com/media/catalog/product/pro/1/thumbnail/628x301/9df78eab33525d08d6e5fb8d27136e95//h/i/kids-glasses:-transparent-grey-full-rim-round-kids-2-5-yrs-hooper-creatr-hp-e17315s-c3_dsc8741_10_09_2024.jpg
Hooper,₹750,₹ 950,(21% OFF),4.9,50,https://www.lenskart.com/hooper-hp-e17313s-c3-eyeglasses.html,https://static5.lenskart.com/media/catalog/product/pro/1/thumbnail/628x301/9df78eab33525d08d6e5fb8d27136e95//h/i/kids-glasses:-transparent-grey-full-rim-rectangle-kids-2-5-yrs-hooper-creatr-hp-e17313s-c3_dsc8733_10_09_2024.jpg
Hooper,₹750,₹ 950,(21% OFF),4.9,73,https://www.lenskart.com/hooper-hp-e17315m-c1-eyeglasses.html,https://static5.lenskart.com/media/catalog/product/pro/1/thumbnail/628x301/9df78eab33525d08d6e5fb8d27136e95//h/i/kids-glasses:-transparent-blue-full-rim-round-kids-5-8-yrs-hooper-creatr-hp-e17315m-c1_dsc9447_10_09_2024.jpg
Hooper,₹750,₹ 950,(21% OFF),4.9,75,https://www.lenskart.com/hooper-hp-e17315l-c1-eyeglasses.html,https://static5.lenskart.com/media/catalog/product/pro/1/thumbnail/628x301/9df78eab33525d08d6e5fb8d27136e95//h/i/kids-glasses:-transparent-blue-full-rim-round-kids-8-12-yrs-hooper-creatr-hp-e17315l-c1_dsc9439_10_09_2024.jpg
Hooper,₹750,₹ 950,(21% OFF),4.8,43,https://www.lenskart.com/hooper-hp-e17311s-c3-eyeglasses.html,https://static5.lenskart.com/media/catalog/product/pro/1/thumbnail/628x301/9df78eab33525d08d6e5fb8d27136e95//h/i/black-grey-black-full-rim-rectangle-kids-2-5-yrs-hooper-creatr-hp-e17311s-c3-eyeglasses__dsc8700_24_09_2024.jpg
Hooper,₹750,₹ 950,(21% OFF),4.8,44,https://www.lenskart.com/hooper-hp-e17312s-c1-eyeglasses.html,https://static5.lenskart.com/media/catalog/product/pro/1/thumbnail/628x301/9df78eab33525d08d6e5fb8d27136e95//h/i/kids-glasses:-transparent-sky-blue-full-rim-rectangle-kids-2-5-yrs-hooper-creatr-hp-e17312s-c1_dsc8824_10_09_2024.jpg
Hooper Online,₹450,₹ 1000,(55% OFF),4.8,30,https://www.lenskart.com/hooper-hp-e14910s-c3-eyeglasses.html,https://static5.lenskart.com/media/catalog/product/pro/1/thumbnail/628x301/9df78eab33525d08d6e5fb8d27136e95//h/i/hooper-hp-e14910s-c3-eyeglasses_g_4705_01_11_2022.jpg
Hooper,₹750,₹ 950,(21% OFF),4.8,66,https://www.lenskart.com/hooper-hp-e17313m-c3-eyeglasses.html,https://static5.lenskart.com/media/catalog/product/pro/1/thumbnail/628x301/9df78eab33525d08d6e5fb8d27136e95//h/i/kids-glasses:-transparent-grey-full-rim-rectangle-kids-5-8-yrs-hooper-creatr-hp-e17313m-c3_dsc9415_10_09_2024.jpg
Hooper,₹750,₹ 950,(21% OFF),4.8,43,https://www.lenskart.com/hooper-hp-e17311s-c2-eyeglasses.html,https://static5.lenskart.com/media/catalog/product/pro/1/thumbnail/628x301/9df78eab33525d08d6e5fb8d27136e95//h/i/kids-glasses:-transparent-grey-full-rim-rectangle-kids-2-5-yrs-hooper-creatr-hp-e17311s-c2_dsc8840_10_09_2024.jpg
Hooper Online,₹450,₹ 1000,(55% OFF),4.8,30,https://www.lenskart.com/hooper-hp-e14910s-c2-eyeglasses.html,https://static5.lenskart.com/media/catalog/product/pro/1/thumbnail/628x301/9df78eab33525d08d6e5fb8d27136e95//h/i/hooper-hp-e14910s-c2-eyeglasses_g_4680_01_11_2022.jpg
Hooper,₹750,₹ 950,(21% OFF),4.8,9,https://www.lenskart.com/hooper-hp-e17324-l-c1-eyeglasses.html,https://static5.lenskart.com/media/catalog/product/pro/1/thumbnail/628x301/9df78eab33525d08d6e5fb8d27136e95//h/i/hooper-hp-e17324-l-c1-eyeglass__dsc5824_29_08_2024.jpg
Hooper,₹750,₹ 950,(21% OFF),4.8,43,https://www.lenskart.com/hooper-hp-e17311s-c1-eyeglasses.html,https://static5.lenskart.com/media/catalog/product/pro/1/thumbnail/628x301/9df78eab33525d08d6e5fb8d27136e95//h/i/matte-pink-full-rim-rectangle-kids-2-5-yrs-hooper-creatr-hp-e17311s-c1-eyeglasses__dsc8775_24_09_2024.jpg
Hooper,₹750,₹ 950,(21% OFF),4.9,75,https://www.lenskart.com/hooper-hp-e17315l-c2-eyeglasses.html,https://static5.lenskart.com/media/catalog/product/pro/1/thumbnail/628x301/9df78eab33525d08d6e5fb8d27136e95//h/i/kids-glasses:-matte-pink-full-rim-round-kids-8-12-yrs-hooper-creatr-hp-e17315l-c2_dsc9293_10_09_2024.jpg
Hooper,₹750,₹ 950,(21% OFF),4.8,31,https://www.lenskart.com/hooper-hp-e17311m-c3-eyeglasses.html,https://static5.lenskart.com/media/catalog/product/pro/1/thumbnail/628x301/9df78eab33525d08d6e5fb8d27136e95//h/i/kids-glasses:-black-full-rim-rectangle-kids-5-8-yrs-hooper-creatr-hp-e17311m-c3_dsc9358_10_09_2024.jpg
Hooper,₹750,₹ 950,(21% OFF),4.9,35,https://www.lenskart.com/hooper-hp-e17314s-c1-eyeglasses.html,https://static5.lenskart.com/media/catalog/product/pro/1/thumbnail/628x301/9df78eab33525d08d6e5fb8d27136e95//h/i/kids-glasses:-matte-pink-full-rim-round-kids-2-5-yrs-hooper-creatr-hp-e17315s-c1_dsc8808_10_09_2024.jpg
Hooper,₹750,₹ 950,(21% OFF),4.9,39,https://www.lenskart.com/hooper-hp-e17311l-c3-eyeglasses.html,https://static5.lenskart.com/media/catalog/product/pro/1/thumbnail/628x301/9df78eab33525d08d6e5fb8d27136e95//h/i/kids-glasses:-black-full-rim-rectangle-kids-8-12-yrs-hooper-creatr-hp-e17311l-c3_dsc9366_10_09_2024.jpg
Hooper,₹750,₹ 950,(21% OFF),4.9,53,https://www.lenskart.com/hooper-hp-e17312l-c1-eyeglasses.html,https://static5.lenskart.com/media/catalog/product/pro/1/thumbnail/628x301/9df78eab33525d08d6e5fb8d27136e95//h/i/kids-glasses:-transparent-sky-blue-full-rim-rectangle-kids-8-12-yrs-hooper-creatr-hp-e17312l-c1_dsc9399_10_09_2024.jpg
Hooper,₹750,₹ 950,(21% OFF),4.9,74,https://www.lenskart.com/hooper-hp-e17313l-c2-eyeglasses.html,https://static5.lenskart.com/media/catalog/product/pro/1/thumbnail/628x301/9df78eab33525d08d6e5fb8d27136e95//h/i/kids-glasses:-black-full-rim-rectangle-kids-8-12-yrs-hooper-creatr-hp-e17313l-c2_dsc9407_10_09_2024.jpg
Hooper,₹750,₹ 950,(21% OFF),4.8,33,https://www.lenskart.com/hooper-hp-e17312m-c1-eyeglasses.html,https://static5.lenskart.com/media/catalog/product/pro/1/thumbnail/628x301/9df78eab33525d08d6e5fb8d27136e95//h/i/transparent-sky-blue-full-rim-rectangle-kids-5-8-yrs-hooper-creatr-hp-e17312m-c1-eyeglasses__dsc9350_24_09_2024.jpg
Hooper,₹750,₹ 950,(21% OFF),4.9,50,https://www.lenskart.com/hooper-hp-e17313s-c2-eyeglasses.html,https://static5.lenskart.com/media/catalog/product/pro/1/thumbnail/628x301/9df78eab33525d08d6e5fb8d27136e95//h/i/kids-glasses:-black-full-rim-rectangle-kids-2-5-yrs-hooper-creatr-hp-e17313s-c2_dsc8708_10_09_2024.jpg
Hooper,₹750,₹ 950,(21% OFF),4.9,73,https://www.lenskart.com/hooper-hp-e17315m-c2-eyeglasses.html,https://static5.lenskart.com/media/catalog/product/pro/1/thumbnail/628x301/9df78eab33525d08d6e5fb8d27136e95//h/i/kids-glasses:-matte-pink-full-rim-round-kids-5-8-yrs-hooper-creatr-hp-e17315m-c2_dsc9374_10_09_2024.jpg
Hooper,₹750,₹ 950,(21% OFF),4.8,44,https://www.lenskart.com/hooper-hp-e17312s-c2-eyeglasses.html,https://static5.lenskart.com/media/catalog/product/pro/1/thumbnail/628x301/9df78eab33525d08d6e5fb8d27136e95//h/i/kids-glasses:-transparent-grey-full-rim-rectangle-kids-2-5-yrs-hooper-creatr-hp-e17312s-c2_dsc8816_10_09_2024.jpg
Hooper,₹750,₹ 950,(21% OFF),4.9,53,https://www.lenskart.com/hooper-hp-e17312l-c3-eyeglasses.html,https://static5.lenskart.com/media/catalog/product/pro/1/thumbnail/628x301/9df78eab33525d08d6e5fb8d27136e95//h/i/kids-glasses:-transparent-grey-full-rim-rectangle-kids-8-12-yrs-hooper-creatr-hp-e17312l-c3_dsc9391_10_09_2024.jpg
Hooper,₹750,₹ 950,(21% OFF),4.8,33,https://www.lenskart.com/hooper-hp-e17312m-c3-eyeglasses.html,https://static5.lenskart.com/media/catalog/product/pro/1/thumbnail/628x301/9df78eab33525d08d6e5fb8d27136e95//h/i/kids-glasses:-transparent-grey-full-rim-rectangle-kids-5-8-yrs-hooper-creatr-hp-e17312m-c3_dsc9317_10_09_2024.jpg
Hooper,₹750,₹ 950,(21% OFF),4.9,74,https://www.lenskart.com/hooper-hp-e17313l-c1-eyeglasses.html,https://static5.lenskart.com/media/catalog/product/pro/1/thumbnail/628x301/9df78eab33525d08d6e5fb8d27136e95//h/i/kids-glasses:-transparent-blue-full-rim-rectangle-kids-8-12-yrs-hooper-creatr-hp-e17313l-c1_dsc9309_10_09_2024.jpg
Hooper,₹750,₹ 950,(21% OFF),4.8,52,https://www.lenskart.com/hooper-hp-e17314m-c1-eyeglasses.html,https://static5.lenskart.com/media/catalog/product/pro/1/thumbnail/628x301/9df78eab33525d08d6e5fb8d27136e95//h/i/kids-glasses:-matte-pink-full-rim-round-kids-5-8-yrs-hooper-creatr-hp-e17314m-c1_dsc9325_10_09_2024.jpg
Hooper,₹750,₹ 950,(21% OFF),4.9,2977,https://www.lenskart.com/lenskart-hp-e15011-c17-eye-dup.html,https://static5.lenskart.com/media/catalog/product/pro/1/thumbnail/628x301/9df78eab33525d08d6e5fb8d27136e95//l/i/peyush-bansal-shark-tank-navy-full-rim-lenskart-hustlr-eyeglasses_csvfile-1708330153844-216583_3.jpg
Hooper,₹750,₹ 950,(21% OFF),4.8,9,https://www.lenskart.com/hooper-hp-e17324-l-c2-eyeglasses.html,https://static5.lenskart.com/media/catalog/product/pro/1/thumbnail/628x301/9df78eab33525d08d6e5fb8d27136e95//h/i/hooper-hp-e17324-l-c2-eyeglasses__dsc5733_29_08_2024.jpg
Hooper,₹750,₹ 950,(21% OFF),4.9,39,https://www.lenskart.com/hooper-hp-e17311l-c2-eyeglasses.html,https://static5.lenskart.com/media/catalog/product/pro/1/thumbnail/628x301/9df78eab33525d08d6e5fb8d27136e95//h/i/kids-glasses:-transparent-grey-full-rim-rectangle-kids-8-12-yrs-hooper-creatr-hp-e17311l-c2_dsc9423_10_09_2024.jpg
Hooper,₹750,₹ 950,(21% OFF),4.8,33,https://www.lenskart.com/hooper-hp-e17312m-c2-eyeglasses.html,https://static5.lenskart.com/media/catalog/product/pro/1/thumbnail/628x301/9df78eab33525d08d6e5fb8d27136e95//h/i/kids-glasses:-transparent-grey-full-rim-rectangle-kids-5-8-yrs-hooper-creatr-hp-e17312m-c2_dsc9504_10_09_2024.jpg
Hooper,₹750,₹ 950,(21% OFF),4.8,52,https://www.lenskart.com/hooper-hp-e17314m-c2-eyeglasses.html,https://static5.lenskart.com/media/catalog/product/pro/1/thumbnail/628x301/9df78eab33525d08d6e5fb8d27136e95//h/i/kids-glasses:-transparent-blue-full-rim-round-kids-5-8-yrs-hooper-creatr-hp-e17314m-c2_dsc9301_10_09_2024.jpg
Hooper,₹750,₹ 950,(21% OFF),4.9,2977,https://www.lenskart.com/lenskart-hustlr-hp-e15011l-c4-eye-dup.html,https://static5.lenskart.com/media/catalog/product/pro/1/thumbnail/628x301/9df78eab33525d08d6e5fb8d27136e95//h/i/peyush-bansal-shark-tank-extra-narrow-blue-sky-full-rim-hustlr-eyeglasses_csvfile-1676615718346-g_8224_01_04_23.jpg
Hooper,₹750,₹ 950,(21% OFF),4.8,31,https://www.lenskart.com/hooper-hp-e17311m-c1-eyeglasses.html,https://static5.lenskart.com/media/catalog/product/pro/1/thumbnail/628x301/9df78eab33525d08d6e5fb8d27136e95//h/i/kids-glasses:-matte-pink-full-rim-rectangle-kids-5-8-yrs-hooper-creatr-hp-e17311m-c1_dsc9383_10_09_2024.jpg
Hooper Online,₹450,₹ 1000,(55% OFF),4.9,40,https://www.lenskart.com/hooper-hp-e14909s-c3-eyeglasses.html,https://static5.lenskart.com/media/catalog/product/pro/1/thumbnail/628x301/9df78eab33525d08d6e5fb8d27136e95//h/i/hooper-hp-e14909s-c3-eyeglasses_g_4696_01_11_2022.jpg
Hooper,₹750,₹ 950,(21% OFF),4.8,31,https://www.lenskart.com/hooper-hp-e17311m-c2-eyeglasses.html,https://static5.lenskart.com/media/catalog/product/pro/1/thumbnail/628x301/9df78eab33525d08d6e5fb8d27136e95//h/i/kids-glasses:-transparent-grey-full-rim-rectangle-kids-5-8-yrs-hooper-creatr-hp-e17311m-c2_dsc9488_10_09_2024.jpg
Hooper,₹750,₹ 950,(21% OFF),4.8,66,https://www.lenskart.com/hooper-hp-e17313m-c1-eyeglasses.html,https://static5.lenskart.com/media/catalog/product/pro/1/thumbnail/628x301/9df78eab33525d08d6e5fb8d27136e95//h/i/kids-glasses:-transparent-blue-full-rim-rectangle-kids-5-8-yrs-hooper-creatr-hp-e17313m-c1_dsc9342_10_09_2024.jpg
Hooper,₹750,₹ 950,(21% OFF),4.9,39,https://www.lenskart.com/hooper-hp-e17311l-c1-eyeglasses.html,https://static5.lenskart.com/media/catalog/product/pro/1/thumbnail/628x301/9df78eab33525d08d6e5fb8d27136e95//h/i/kids-glasses:-matte-pink-full-rim-rectangle-kids-8-12-yrs-hooper-creatr-hp-e17311l-c1_dsc9333_10_09_2024.jpg
Hooper,₹750,₹ 950,(21% OFF),5,2,https://www.lenskart.com/hooper-hp-e17325-m-c2-eyeglasses.html,https://static5.lenskart.com/media/catalog/product/pro/1/thumbnail/628x301/9df78eab33525d08d6e5fb8d27136e95//h/i/hooper-hp-e17325-m-c2-eyeglasses__dsc5788_29_08_2024.jpg
Hooper,₹750,₹ 950,(21% OFF),4.9,53,https://www.lenskart.com/hooper-hp-e17312l-c2-eyeglasses.html,https://static5.lenskart.com/media/catalog/product/pro/1/thumbnail/628x301/9df78eab33525d08d6e5fb8d27136e95//h/i/kids-glasses:-transparent-grey-full-rim-rectangle-kids-8-12-yrs-hooper-creatr-hp-e17312l-c2_dsc9472_10_09_2024.jpg
Hooper,₹750,₹ 950,(21% OFF),5,2,https://www.lenskart.com/hooper-hp-e17325-m-c1-eyeglasses.html,https://static5.lenskart.com/media/catalog/product/pro/1/thumbnail/628x301/9df78eab33525d08d6e5fb8d27136e95//h/i/hooper-hp-e17325-m-c1-eyeglass__dsc5751_29_08_2024.jpg
Hooper Screen Glasses,,,,4.9,17,https://www.lenskart.com/hooper-hp-e10003-c2-dup-eye.html,https://static5.lenskart.com/media/catalog/product/pro/1/thumbnail/628x301/9df78eab33525d08d6e5fb8d27136e95//h/o/hooper-hp-e10003-c2-eyeglasses_G_5789_1.jpg
Hooper,₹750,₹ 950,(21% OFF),5,1,https://www.lenskart.com/hooper-hp-e17327-l-c1-eyeglasses.html,https://static5.lenskart.com/media/catalog/product/pro/1/thumbnail/628x301/9df78eab33525d08d6e5fb8d27136e95//h/i/hooper-hp-e17327-l-c1-eyeglass__dsc5706_29_08_2024.jpg
Hooper,₹750,₹ 950,(21% OFF),5,1,https://www.lenskart.com/hooper-hp-e17327-m-c2-eyeglasses.html,https://static5.lenskart.com/media/catalog/product/pro/1/thumbnail/628x301/9df78eab33525d08d6e5fb8d27136e95//h/i/hooper-hp-e17327-m-c2-eyeglasses__dsc5815_29_08_2024.jpg
Hooper,₹750,₹ 950,(21% OFF),5,6,https://www.lenskart.com/hooper-hp-e17326-m-c2-eyeglasses.html,https://static5.lenskart.com/media/catalog/product/pro/1/thumbnail/628x301/9df78eab33525d08d6e5fb8d27136e95//h/i/hooper-hp-e17326-m-c2-eyeglasses__dsc5760_29_08_2024.jpg
Hooper,₹750,₹ 950,(21% OFF),4.9,12,https://www.lenskart.com/hooper-hp-e17325-l-c2-eyeglasses.html,https://static5.lenskart.com/media/catalog/product/pro/1/thumbnail/628x301/9df78eab33525d08d6e5fb8d27136e95//h/i/hooper-hp-e17325-l-c2-eyeglasses__dsc5697_29_08_2024.jpg
Hooper,₹750,₹ 950,(21% OFF),5,1,https://www.lenskart.com/hooper-hp-e17327-m-c1-eyeglasses.html,https://static5.lenskart.com/media/catalog/product/pro/1/thumbnail/628x301/9df78eab33525d08d6e5fb8d27136e95//h/i/hooper-hp-e17327-m-c1-eyeglass__dsc5742_29_08_2024.jpg
Hooper,₹750,₹ 950,(21% OFF),5,6,https://www.lenskart.com/hooper-hp-e17326-m-c1-eyeglasses.html,https://static5.lenskart.com/media/catalog/product/pro/1/thumbnail/628x301/9df78eab33525d08d6e5fb8d27136e95//h/i/hooper-hp-e17326-m-c1-eyeglass__dsc5688_29_08_2024.jpg
Hooper Screen Glasses,,,,4.9,595,https://www.lenskart.com/hooper-hp-e10004-c2-dup-eye.html,https://static5.lenskart.com/media/catalog/product/pro/1/thumbnail/628x301/9df78eab33525d08d6e5fb8d27136e95//h/o/hooper-hp-e10004-c2-eyeglasses_G_5795_1.jpg
Hooper,₹750,₹ 950,(21% OFF),5,4,https://www.lenskart.com/hooper-hp-e17328-m-c1-eyeglasses.html,https://static5.lenskart.com/media/catalog/product/pro/1/thumbnail/628x301/9df78eab33525d08d6e5fb8d27136e95//h/i/hooper-hp-e17328-m-c1-eyeglass__dsc5778_29_08_2024.jpg
Hooper,₹750,₹ 950,(21% OFF),4.8,8,https://www.lenskart.com/hooper-hp-e17326-l-c1-eyeglasses.html,https://static5.lenskart.com/media/catalog/product/pro/1/thumbnail/628x301/9df78eab33525d08d6e5fb8d27136e95//h/i/hooper-hp-e17326-l-c1-eyeglass__dsc5833_29_08_2024.jpg
Hooper,₹750,₹ 950,(21% OFF),5,1,https://www.lenskart.com/hooper-hp-e17327-l-c2-eyeglasses.html,https://static5.lenskart.com/media/catalog/product/pro/1/thumbnail/628x301/9df78eab33525d08d6e5fb8d27136e95//h/i/hooper-hp-e17327-l-c2-eyeglasses__dsc5715_29_08_2024.jpg
Hooper,₹750,₹ 950,(21% OFF),5,5,https://www.lenskart.com/hooper-hp-e17328-l-c1-eyeglasses.html,https://static5.lenskart.com/media/catalog/product/pro/1/thumbnail/628x301/9df78eab33525d08d6e5fb8d27136e95//h/i/hooper-hp-e17328-l-c1-eyeglass__dsc5806_29_08_2024.jpg
Hooper Screen Glasses,,,,4.8,31,https://www.lenskart.com/hooper-hp-e10044m-c2-dup-eye.html,https://static5.lenskart.com/media/catalog/product/pro/1/thumbnail/628x301/9df78eab33525d08d6e5fb8d27136e95//h/o/hooper-hp-e10044m-c2-eyeglasses_G_8012_1.jpg
Hooper,₹750,₹ 950,(21% OFF),4.8,8,https://www.lenskart.com/hooper-hp-e17326-l-c2-eyeglasses.html,https://static5.lenskart.com/media/catalog/product/pro/1/thumbnail/628x301/9df78eab33525d08d6e5fb8d27136e95//h/i/hooper-hp-e17326-l-c2-eyeglasses__dsc5860_29_08_2024.jpg
Hooper Screen Glasses,,,,4.9,595,https://www.lenskart.com/hooper-hp-e10004-c3-dup-eye.html,https://static5.lenskart.com/media/catalog/product/pro/1/thumbnail/628x301/9df78eab33525d08d6e5fb8d27136e95//h/o/hooper-hp-e10004-c3-eyeglasses_G_5751_1.jpg
Hooper,₹750,₹ 950,(21% OFF),5,5,https://www.lenskart.com/hooper-hp-e17328-l-c2-eyeglasses.html,https://static5.lenskart.com/media/catalog/product/pro/1/thumbnail/628x301/9df78eab33525d08d6e5fb8d27136e95//h/i/hooper-hp-e17328-l-c2-eyeglasses__dsc5797_29_08_2024.jpg
Hooper Screen Glasses,₹600,₹ 1500,(60% OFF),4.6,15,https://www.lenskart.com/hooper-hp-e10064-c2-dup-eye.html,https://static5.lenskart.com/media/catalog/product/pro/1/thumbnail/628x301/9df78eab33525d08d6e5fb8d27136e95//h/i/blue-block-kids-computer-glasses:-blue-transparent-blue-full-rim-rectangle-kids-(5-8-yrs)-hooper-gripzy-hooper-hp-e10064-c2_hooper-hp-e10064-c2-eyeglasses_g_5802_125_02_2022.jpg
Hooper Screen Glasses,,,,4.8,22,https://www.lenskart.com/hooper-hp-e10042m-c2-dup-eye.html,https://static5.lenskart.com/media/catalog/product/pro/1/thumbnail/628x301/9df78eab33525d08d6e5fb8d27136e95//h/i/blue-block-kids-computer-glasses:-blue-marron-red-full-rim-cat-eye-kids-(5-8-yrs)-hooper-astra-hooper-hp-e10042m-c2_hooper-hp-e10042m-c2-eyeglasses_g_7978_125_02_2022.jpg
Hooper,₹750,₹ 950,(21% OFF),5,4,https://www.lenskart.com/hooper-hp-e17328-m-c2-eyeglasses.html,https://static5.lenskart.com/media/catalog/product/pro/1/thumbnail/628x301/9df78eab33525d08d6e5fb8d27136e95//h/i/hooper-hp-e17328-m-c2-eyeglasses__dsc5724_29_08_2024.jpg
Hooper Screen Glasses,,,,4.9,80,https://www.lenskart.com/hooper-hp-e10038l-c1-dup-eye.html,https://static5.lenskart.com/media/catalog/product/pro/1/thumbnail/628x301/9df78eab33525d08d6e5fb8d27136e95//h/o/hooper-hp-e10038l-c1-eyeglasses_G_7970_1.jpg
